dist_m,time_s,vcap_v
1.78,0.100,0.6400
1.78,0.200,0.6400
1.78,0.300,0.6400
1.78,0.400,0.6400
1.78,0.500,0.6400
1.78,0.600,0.6400
1.78,0.700,0.6400
1.78,0.800,0.6400
1.78,0.900,0.6400
1.78,1.000,0.6400
1.78,1.100,0.6400
1.78,1.200,0.6400
1.78,1.300,0.6400
1.78,1.400,0.6400
1.78,1.500,0.6400
1.78,1.600,0.6400
1.78,1.700,0.6400
1.78,1.800,0.6400
1.78,1.900,0.6400
1.78,2.000,0.6400
1.78,2.100,0.6400
1.78,2.200,0.6400
1.78,2.300,0.6400
1.78,2.400,0.6400
1.78,2.500,0.6400
1.78,2.600,0.6400
1.78,2.700,0.6400
1.78,2.800,0.6400
1.78,2.900,0.6400
1.78,3.000,0.6400
1.78,3.100,0.6400
1.78,3.200,0.6400
1.78,3.300,0.6400
1.78,3.400,0.6400
1.78,3.500,0.6400
1.78,3.600,0.6400
1.78,3.700,0.6400
1.78,3.800,0.6400
1.78,3.900,0.6400
1.78,4.000,0.6400
1.78,4.100,0.6400
1.78,4.200,0.6400
1.78,4.300,0.6400
1.78,4.400,0.6400
1.78,4.500,0.6400
1.78,4.600,0.6400
1.78,4.700,0.6400
1.78,4.800,0.6400
1.78,4.900,0.6400
1.78,5.000,0.6400
1.78,5.100,0.6400
1.78,5.200,0.6400
1.78,5.300,0.6400
1.78,5.400,0.6400
1.78,5.500,0.6400
1.78,5.600,0.6400
1.78,5.700,0.6400
1.78,5.800,0.6400
1.78,5.900,0.6400
1.78,6.000,0.6400
1.78,6.100,0.6400
1.78,6.200,0.6400
1.78,6.300,0.6400
1.78,6.400,0.6400
1.78,6.500,0.6400
1.78,6.600,0.6400
1.78,6.700,0.6400
1.78,6.800,0.6400
1.78,6.900,0.6400
1.78,7.000,0.6400
1.78,7.100,0.6400
1.78,7.200,0.6400
1.78,7.300,0.6400
1.78,7.400,0.6400
1.78,7.500,0.6400
1.78,7.600,0.6400
1.78,7.700,0.6400
1.78,7.800,0.6400
1.78,7.900,0.6400
1.78,8.000,0.6400
1.78,8.100,0.6400
1.78,8.200,0.6400
1.78,8.300,0.6400
1.78,8.400,0.6406
1.78,8.500,0.6400
1.78,8.600,0.6400
1.78,8.700,0.6400
1.78,8.800,0.6400
1.78,8.900,0.6400
1.78,9.000,0.6400
1.78,9.100,0.6400
1.78,9.200,0.6400
1.78,9.300,0.6464
1.78,9.400,0.6536
1.78,9.500,0.6455
1.78,9.600,0.6556
1.78,9.700,0.6482
1.78,9.800,0.6547
1.78,9.900,0.6586
1.78,10.000,0.6420
1.78,10.100,0.6421
1.78,10.200,0.6459
1.78,10.300,0.6496
1.78,10.400,0.6518
1.78,10.500,0.6582
1.78,10.600,0.6539
1.78,10.700,0.6611
1.78,10.800,0.6677
1.78,10.900,0.6745
1.78,11.000,0.6758
1.78,11.100,0.6815
1.78,11.200,0.6874
1.78,11.300,0.6934
1.78,11.400,0.6994
1.78,11.500,0.7048
1.78,11.600,0.7106
1.78,11.700,0.7165
1.78,11.800,0.7232
1.78,11.900,0.7288
1.78,12.000,0.7211
1.78,12.100,0.7264
1.78,12.200,0.7319
1.78,12.300,0.7377
1.78,12.400,0.7380
1.78,12.500,0.7380
1.78,12.600,0.7380
1.78,12.700,0.7380
1.78,12.800,0.7380
1.78,12.900,0.7376
1.78,13.000,0.7380
1.78,13.100,0.7332
1.78,13.200,0.7368
1.78,13.300,0.7379
1.78,13.400,0.7376
1.78,13.500,0.7379
1.78,13.600,0.7379
1.78,13.700,0.7380
1.78,13.800,0.7379
1.78,13.900,0.7379
1.78,14.000,0.7380
1.78,14.100,0.7359
1.78,14.200,0.7376
1.78,14.300,0.7379
1.78,14.400,0.7380
1.78,14.500,0.7375
1.78,14.600,0.7380
1.78,14.700,0.7380
1.78,14.800,0.7380
1.78,14.900,0.7380
1.78,15.000,0.7380
1.78,15.100,0.7380
1.78,15.200,0.7380
1.78,15.300,0.7380
1.78,15.400,0.7380
1.78,15.500,0.7380
1.78,15.600,0.7380
1.78,15.700,0.7380
1.78,15.800,0.7380
1.78,15.900,0.7380
1.78,16.000,0.7380
1.78,16.100,0.7380
1.78,16.200,0.7380
1.78,16.300,0.7380
1.78,16.400,0.7380
1.78,16.500,0.7380
1.78,16.600,0.7380
1.78,16.700,0.7380
1.78,16.800,0.7380
1.78,16.900,0.7380
1.78,17.000,0.7380
1.78,17.100,0.7364
1.78,17.200,0.7376
1.78,17.300,0.7374
1.78,17.400,0.7376
1.78,17.500,0.7380
1.78,17.600,0.7373
1.78,17.700,0.7380
1.78,17.800,0.7377
1.78,17.900,0.7377
1.78,18.000,0.7380
1.78,18.100,0.7360
1.78,18.200,0.7379
1.78,18.300,0.7377
1.78,18.400,0.7374
1.78,18.500,0.7379
1.78,18.600,0.7376
1.78,18.700,0.7377
1.78,18.800,0.7380
1.78,18.900,0.7380
1.78,19.000,0.7380
1.78,19.100,0.7380
1.78,19.200,0.7380
1.78,19.300,0.7380
1.78,19.400,0.7380
1.78,19.500,0.7380
1.78,19.600,0.7380
1.78,19.700,0.7380
1.78,19.800,0.7380
1.78,19.900,0.7380
1.78,20.000,0.7380
1.78,20.100,0.7380
1.78,20.200,0.7380
1.78,20.300,0.7380
1.78,20.400,0.7380
1.78,20.500,0.7380
1.78,20.600,0.7380
1.78,20.700,0.7380
1.78,20.800,0.7380
1.78,20.900,0.7380
1.78,21.000,0.7380
1.78,21.100,0.7380
1.78,21.200,0.7380
1.78,21.300,0.7374
1.78,21.400,0.7376
1.78,21.500,0.7377
1.78,21.600,0.7376
1.78,21.700,0.7380
1.78,21.800,0.7376
1.78,21.900,0.7380
1.78,22.000,0.7380
1.78,22.100,0.7380
1.78,22.200,0.7362
1.78,22.300,0.7379
1.78,22.400,0.7370
1.78,22.500,0.7380
1.78,22.600,0.7376
1.78,22.700,0.7378
1.78,22.800,0.7376
1.78,22.900,0.7377
1.78,23.000,0.7373
1.78,23.100,0.7380
1.78,23.200,0.7380
1.78,23.300,0.7380
1.78,23.400,0.7380
1.78,23.500,0.7380
1.78,23.600,0.7380
1.78,23.700,0.7380
1.78,23.800,0.7380
1.78,23.900,0.7380
1.78,24.000,0.7380
1.78,24.100,0.7380
1.78,24.200,0.7380
1.78,24.300,0.7380
1.78,24.400,0.7380
1.78,24.500,0.7380
1.78,24.600,0.7380
1.78,24.700,0.7380
1.78,24.800,0.7380
1.78,24.900,0.7380
1.78,25.000,0.7380
1.78,25.100,0.7380
1.78,25.200,0.7380
1.78,25.300,0.7380
1.78,25.400,0.7380
1.78,25.500,0.7380
1.78,25.600,0.7376
1.78,25.700,0.7380
1.78,25.800,0.7371
1.78,25.900,0.7380
1.78,26.000,0.7380
1.78,26.100,0.7368
1.78,26.200,0.7370
1.78,26.300,0.7376
1.78,26.400,0.7374
1.78,26.500,0.7376
1.78,26.600,0.7377
1.78,26.700,0.7380
1.78,26.800,0.7376
1.78,26.900,0.7374
1.78,27.000,0.7376
1.78,27.100,0.7366
1.78,27.200,0.7380
1.78,27.300,0.7376
1.78,27.400,0.7380
1.78,27.500,0.7380
1.78,27.600,0.7380
1.78,27.700,0.7380
1.78,27.800,0.7380
1.78,27.900,0.7380
1.78,28.000,0.7380
1.78,28.100,0.7380
1.78,28.200,0.7380
1.78,28.300,0.7380
1.78,28.400,0.7380
1.78,28.500,0.7380
1.78,28.600,0.7380
1.78,28.700,0.7380
1.78,28.800,0.7380
1.78,28.900,0.7380
1.78,29.000,0.7380
1.78,29.100,0.7380
1.78,29.200,0.7380
1.78,29.300,0.7380
1.78,29.400,0.7380
1.78,29.500,0.7380
1.78,29.600,0.7380
1.78,29.700,0.7380
1.78,29.800,0.7380
1.78,29.900,0.7371
1.78,30.000,0.7376
1.78,30.100,0.7365
1.78,30.200,0.7379
1.78,30.300,0.7378
1.78,30.400,0.7377
1.78,30.500,0.7376
1.78,30.600,0.7377
1.78,30.700,0.7380
1.78,30.800,0.7376
1.78,30.900,0.7375
1.78,31.000,0.7376
1.78,31.100,0.7379
1.78,31.200,0.7373
1.78,31.300,0.7380
1.78,31.400,0.7379
1.78,31.500,0.7368
1.78,31.600,0.7380
1.78,31.700,0.7380
1.78,31.800,0.7380
1.78,31.900,0.7380
1.78,32.000,0.7380
1.78,32.100,0.7380
1.78,32.200,0.7380
1.78,32.300,0.7380
1.78,32.400,0.7380
1.78,32.500,0.7380
1.78,32.600,0.7380
1.78,32.700,0.7380
1.78,32.800,0.7380
1.78,32.900,0.7380
1.78,33.000,0.7380
1.78,33.100,0.7380
1.78,33.200,0.7380
1.78,33.300,0.7380
1.78,33.400,0.7380
1.78,33.500,0.7380
1.78,33.600,0.7380
1.78,33.700,0.7380
1.78,33.800,0.7380
1.78,33.900,0.7380
1.78,34.000,0.7380
1.78,34.100,0.7377
1.78,34.200,0.7376
1.78,34.300,0.7380
1.78,34.400,0.7377
1.78,34.500,0.7376
1.78,34.600,0.7377
1.78,34.700,0.7376
1.78,34.800,0.7379
1.78,34.900,0.7380
1.78,35.000,0.7370
1.78,35.100,0.7380
1.78,35.200,0.7373
1.78,35.300,0.7379
1.78,35.400,0.7373
1.78,35.500,0.7373
1.78,35.600,0.7379
1.78,35.700,0.7373
1.78,35.800,0.7379
1.78,35.900,0.7380
1.78,36.000,0.7380
1.78,36.100,0.7380
1.78,36.200,0.7380
1.78,36.300,0.7380
1.78,36.400,0.7380
1.78,36.500,0.7380
1.78,36.600,0.7380
1.78,36.700,0.7380
1.78,36.800,0.7380
1.78,36.900,0.7380
1.78,37.000,0.7380
1.78,37.100,0.7380
1.78,37.200,0.7380
1.78,37.300,0.7380
1.78,37.400,0.7380
1.78,37.500,0.7380
1.78,37.600,0.7380
1.78,37.700,0.7380
1.78,37.800,0.7380
1.78,37.900,0.7380
1.78,38.000,0.7380
1.78,38.100,0.7380
1.78,38.200,0.7380
1.78,38.300,0.7380
1.78,38.400,0.7377
1.78,38.500,0.7376
1.78,38.600,0.7377
1.78,38.700,0.7376
1.78,38.800,0.7380
1.78,38.900,0.7371
1.78,39.000,0.7379
1.78,39.100,0.7380
1.78,39.200,0.7373
1.78,39.300,0.7379
1.78,39.400,0.7373
1.78,39.500,0.7374
1.78,39.600,0.7379
1.78,39.700,0.7373
1.78,39.800,0.7380
1.78,39.900,0.7376
1.78,40.000,0.7380
1.78,40.100,0.7379
1.78,40.200,0.7380
1.78,40.300,0.7380
1.78,40.400,0.7380
1.78,40.500,0.7380
1.78,40.600,0.7380
1.78,40.700,0.7380
1.78,40.800,0.7380
1.78,40.900,0.7380
1.78,41.000,0.7380
1.78,41.100,0.7380
1.78,41.200,0.7380
1.78,41.300,0.7380
1.78,41.400,0.7380
1.78,41.500,0.7380
1.78,41.600,0.7380
1.78,41.700,0.7380
1.78,41.800,0.7380
1.78,41.900,0.7380
1.78,42.000,0.7380
1.78,42.100,0.7380
1.78,42.200,0.7380
1.78,42.300,0.7380
1.78,42.400,0.7380
1.78,42.500,0.7380
1.78,42.600,0.7380
1.78,42.700,0.7373
1.78,42.800,0.7379
1.78,42.900,0.7371
1.78,43.000,0.7379
1.78,43.100,0.7380
1.78,43.200,0.7373
1.78,43.300,0.7379
1.78,43.400,0.7371
1.78,43.500,0.7377
1.78,43.600,0.7380
1.78,43.700,0.7373
1.78,43.800,0.7380
1.78,43.900,0.7376
1.78,44.000,0.7374
1.78,44.100,0.7379
1.78,44.200,0.7376
1.78,44.300,0.7377
1.78,44.400,0.7380
1.78,44.500,0.7380
1.78,44.600,0.7380
1.78,44.700,0.7380
1.78,44.800,0.7380
1.78,44.900,0.7380
1.78,45.000,0.7380
1.78,45.100,0.7380
1.78,45.200,0.7380
1.78,45.300,0.7380
1.78,45.400,0.7380
1.78,45.500,0.7380
1.78,45.600,0.7380
1.78,45.700,0.7380
1.78,45.800,0.7380
1.78,45.900,0.7380
1.78,46.000,0.7380
1.78,46.100,0.7380
1.78,46.200,0.7380
1.78,46.300,0.7380
1.78,46.400,0.7380
1.78,46.500,0.7380
1.78,46.600,0.7380
1.78,46.700,0.7380
1.78,46.800,0.7380
1.78,46.900,0.7373
1.78,47.000,0.7379
1.78,47.100,0.7373
1.78,47.200,0.7377
1.78,47.300,0.7380
1.78,47.400,0.7371
1.78,47.500,0.7380
1.78,47.600,0.7380
1.78,47.700,0.7380
1.78,47.800,0.7370
1.78,47.900,0.7376
1.78,48.000,0.7377
1.78,48.100,0.7376
1.78,48.200,0.7379
1.78,48.300,0.7374
1.78,48.400,0.7376
1.78,48.500,0.7379
1.78,48.600,0.7376
1.78,48.700,0.7380
1.78,48.800,0.7380
1.78,48.900,0.7380
1.78,49.000,0.7380
1.78,49.100,0.7380
1.78,49.200,0.7380
1.78,49.300,0.7380
1.78,49.400,0.7380
1.78,49.500,0.7380
1.78,49.600,0.7380
1.78,49.700,0.7380
1.78,49.800,0.7380
1.78,49.900,0.7380
1.78,50.000,0.7380
1.78,50.100,0.7380
1.78,50.200,0.7380
1.78,50.300,0.7380
1.78,50.400,0.7380
1.78,50.500,0.7380
1.78,50.600,0.7380
1.78,50.700,0.7380
1.78,50.800,0.7380
1.78,50.900,0.7380
1.78,51.000,0.7380
1.78,51.100,0.7380
1.78,51.200,0.7377
1.78,51.300,0.7376
1.78,51.400,0.7373
1.78,51.500,0.7380
1.78,51.600,0.7376
1.78,51.700,0.7374
1.78,51.800,0.7380
1.78,51.900,0.7380
1.78,52.000,0.7377
1.78,52.100,0.7376
1.78,52.200,0.7377
1.78,52.300,0.7373
1.78,52.400,0.7379
1.78,52.500,0.7377
1.78,52.600,0.7376
1.78,52.700,0.7379
1.78,52.800,0.7380
1.78,52.900,0.7374
1.78,53.000,0.7380
1.78,53.100,0.7380
1.78,53.200,0.7380
1.78,53.300,0.7380
1.78,53.400,0.7380
1.78,53.500,0.7380
1.78,53.600,0.7380
1.78,53.700,0.7380
1.78,53.800,0.7380
1.78,53.900,0.7380
1.78,54.000,0.7380
1.78,54.100,0.7380
1.78,54.200,0.7380
1.78,54.300,0.7380
1.78,54.400,0.7380
1.78,54.500,0.7380
1.78,54.600,0.7380
1.78,54.700,0.7380
1.78,54.800,0.7380
1.78,54.900,0.7380
1.78,55.000,0.7380
1.78,55.100,0.7380
1.78,55.200,0.7380
1.78,55.300,0.7380
1.78,55.400,0.7380
1.78,55.500,0.7373
1.78,55.600,0.7376
1.78,55.700,0.7374
1.78,55.800,0.7376
1.78,55.900,0.7380
1.78,56.000,0.7377
1.78,56.100,0.7376
1.78,56.200,0.7377
1.78,56.300,0.7373
1.78,56.400,0.7380
1.78,56.500,0.7377
1.78,56.600,0.7376
1.78,56.700,0.7380
1.78,56.800,0.7371
1.78,56.900,0.7379
1.78,57.000,0.7376
1.78,57.100,0.7377
1.78,57.200,0.7380
1.78,57.300,0.7380
1.78,57.400,0.7380
1.78,57.500,0.7380
1.78,57.600,0.7380
1.78,57.700,0.7380
1.78,57.800,0.7380
1.78,57.900,0.7380
1.78,58.000,0.7380
1.78,58.100,0.7380
1.78,58.200,0.7380
1.78,58.300,0.7380
1.78,58.400,0.7380
1.78,58.500,0.7380
1.78,58.600,0.7380
1.78,58.700,0.7380
1.78,58.800,0.7380
1.78,58.900,0.7380
1.78,59.000,0.7380
1.78,59.100,0.7380
1.78,59.200,0.7380
1.78,59.300,0.7380
1.78,59.400,0.7380
1.78,59.500,0.7380
1.78,59.600,0.7380
1.78,59.700,0.7374
1.78,59.800,0.7376
1.78,59.900,0.7379
1.78,60.000,0.7377
1.78,60.100,0.7376
1.78,60.200,0.7377
1.78,60.300,0.7373
1.78,60.400,0.7379
1.78,60.500,0.7380
1.78,60.600,0.7373
1.78,60.700,0.7379
1.78,60.800,0.7371
1.78,60.900,0.7380
1.78,61.000,0.7376
1.78,61.100,0.7377
1.78,61.200,0.7379
1.78,61.300,0.7373
1.78,61.400,0.7377
1.78,61.500,0.7380
1.78,61.600,0.7380
1.78,61.700,0.7380
1.78,61.800,0.7380
1.78,61.900,0.7380
1.78,62.000,0.7380
1.78,62.100,0.7380
1.78,62.200,0.7380
1.78,62.300,0.7380
1.78,62.400,0.7380
1.78,62.500,0.7380
1.78,62.600,0.7380
1.78,62.700,0.7380
1.78,62.800,0.7380
1.78,62.900,0.7380
1.78,63.000,0.7380
1.78,63.100,0.7380
1.78,63.200,0.7380
1.78,63.300,0.7380
1.78,63.400,0.7380
1.78,63.500,0.7380
1.78,63.600,0.7380
1.78,63.700,0.7380
1.78,63.800,0.7380
1.78,63.900,0.7380
1.78,64.000,0.7376
1.78,64.100,0.7379
1.78,64.200,0.7374
1.78,64.300,0.7376
1.78,64.400,0.7379
1.78,64.500,0.7373
1.78,64.600,0.7380
1.78,64.700,0.7376
1.78,64.800,0.7374
1.78,64.900,0.7380
1.78,65.000,0.7376
1.78,65.100,0.7377
1.78,65.200,0.7376
1.78,65.300,0.7377
1.78,65.400,0.7377
1.78,65.500,0.7376
1.78,65.600,0.7380
1.78,65.700,0.7376
1.78,65.800,0.7380
1.78,65.900,0.7380
1.78,66.000,0.7380
1.78,66.100,0.7380
1.78,66.200,0.7380
1.78,66.300,0.7380
1.78,66.400,0.7380
1.78,66.500,0.7380
1.78,66.600,0.7380
1.78,66.700,0.7380
1.78,66.800,0.7380
1.78,66.900,0.7380
1.78,67.000,0.7380
1.78,67.100,0.7380
1.78,67.200,0.7380
1.78,67.300,0.7380
1.78,67.400,0.7380
1.78,67.500,0.7380
1.78,67.600,0.7380
1.78,67.700,0.7380
1.78,67.800,0.7380
1.78,67.900,0.7380
1.78,68.000,0.7380
1.78,68.100,0.7380
1.78,68.200,0.7380
1.78,68.300,0.7370
1.78,68.400,0.7379
1.78,68.500,0.7373
1.78,68.600,0.7380
1.78,68.700,0.7376
1.78,68.800,0.7374
1.78,68.900,0.7380
1.78,69.000,0.7373
1.78,69.100,0.7379
1.78,69.200,0.7376
1.78,69.300,0.7374
1.78,69.400,0.7376
1.78,69.500,0.7379
1.78,69.600,0.7377
1.78,69.700,0.7376
1.78,69.800,0.7379
1.78,69.900,0.7371
1.78,70.000,0.7380
1.78,70.100,0.7380
1.78,70.200,0.7380
1.78,70.300,0.7380
1.78,70.400,0.7380
1.78,70.500,0.7380
1.78,70.600,0.7380
1.78,70.700,0.7380
1.78,70.800,0.7380
1.78,70.900,0.7380
1.78,71.000,0.7380
1.78,71.100,0.7380
1.78,71.200,0.7380
1.78,71.300,0.7380
1.78,71.400,0.7380
1.78,71.500,0.7380
1.78,71.600,0.7380
1.78,71.700,0.7380
1.78,71.800,0.7380
1.78,71.900,0.7380
1.78,72.000,0.7380
1.78,72.100,0.7380
1.78,72.200,0.7380
1.78,72.300,0.7380
1.78,72.400,0.7380
1.78,72.500,0.7373
1.78,72.600,0.7380
1.78,72.700,0.7373
1.78,72.800,0.7377
1.78,72.900,0.7376
1.78,73.000,0.7377
1.78,73.100,0.7380
1.78,73.200,0.7376
1.78,73.300,0.7380
1.78,73.400,0.7370
1.78,73.500,0.7379
1.78,73.600,0.7377
1.78,73.700,0.7376
1.78,73.800,0.7379
1.78,73.900,0.7371
1.78,74.000,0.7379
1.78,74.100,0.7373
1.78,74.200,0.7379
1.78,74.300,0.7380
1.78,74.400,0.7380
1.78,74.500,0.7380
1.78,74.600,0.7380
1.78,74.700,0.7380
1.78,74.800,0.7380
1.78,74.900,0.7380
1.78,75.000,0.7380
1.78,75.100,0.7380
1.78,75.200,0.7380
1.78,75.300,0.7380
1.78,75.400,0.7380
1.78,75.500,0.7380
1.78,75.600,0.7380
1.78,75.700,0.7380
1.78,75.800,0.7380
1.78,75.900,0.7380
1.78,76.000,0.7380
1.78,76.100,0.7380
1.78,76.200,0.7380
1.78,76.300,0.7380
1.78,76.400,0.7380
1.78,76.500,0.7380
1.78,76.600,0.7380
1.78,76.700,0.7380
1.78,76.800,0.7377
1.78,76.900,0.7376
1.78,77.000,0.7377
1.78,77.100,0.7380
1.78,77.200,0.7376
1.78,77.300,0.7374
1.78,77.400,0.7376
1.78,77.500,0.7380
1.78,77.600,0.7373
1.78,77.700,0.7379
1.78,77.800,0.7377
1.78,77.900,0.7373
1.78,78.000,0.7380
1.78,78.100,0.7373
1.78,78.200,0.7379
1.78,78.300,0.7376
1.78,78.400,0.7380
1.78,78.500,0.7375
1.78,78.600,0.7380
1.78,78.700,0.7380
1.78,78.800,0.7380
1.78,78.900,0.7380
1.78,79.000,0.7380
1.78,79.100,0.7380
1.78,79.200,0.7380
1.78,79.300,0.7380
1.78,79.400,0.7380
1.78,79.500,0.7380
1.78,79.600,0.7380
1.78,79.700,0.7380
1.78,79.800,0.7380
1.78,79.900,0.7380
1.78,80.000,0.7380
1.78,80.100,0.7380
1.78,80.200,0.7380
1.78,80.300,0.7380
1.78,80.400,0.7380
1.78,80.500,0.7380
1.78,80.600,0.7380
1.78,80.700,0.7380
1.78,80.800,0.7380
1.78,80.900,0.7380
1.78,81.000,0.7380
1.78,81.100,0.7372
1.78,81.200,0.7380
1.78,81.300,0.7374
1.78,81.400,0.7376
1.78,81.500,0.7380
1.78,81.600,0.7373
1.78,81.700,0.7379
1.78,81.800,0.7373
1.78,81.900,0.7377
1.78,82.000,0.7380
1.78,82.100,0.7373
1.78,82.200,0.7380
1.78,82.300,0.7376
1.78,82.400,0.7374
1.78,82.500,0.7380
1.78,82.600,0.7374
1.78,82.700,0.7377
1.78,82.800,0.7380
1.78,82.900,0.7380
1.78,83.000,0.7380
1.78,83.100,0.7380
1.78,83.200,0.7380
1.78,83.300,0.7380
1.78,83.400,0.7380
1.78,83.500,0.7380
1.78,83.600,0.7380
1.78,83.700,0.7380
1.78,83.800,0.7380
1.78,83.900,0.7380
1.78,84.000,0.7380
1.78,84.100,0.7380
1.78,84.200,0.7380
1.78,84.300,0.7380
1.78,84.400,0.7380
1.78,84.500,0.7380
1.78,84.600,0.7380
1.78,84.700,0.7380
1.78,84.800,0.7380
1.78,84.900,0.7380
1.78,85.000,0.7380
1.78,85.100,0.7380
1.78,85.200,0.7380
1.78,85.300,0.7371
1.78,85.400,0.7379
1.78,85.500,0.7379
1.78,85.600,0.7373
1.78,85.700,0.7379
1.78,85.800,0.7370
1.78,85.900,0.7380
1.78,86.000,0.7380
1.78,86.100,0.7380
1.78,86.200,0.7372
1.78,86.300,0.7376
1.78,86.400,0.7374
1.78,86.500,0.7376
1.78,86.600,0.7376
1.78,86.700,0.7377
1.78,86.800,0.7376
1.78,86.900,0.7377
1.78,87.000,0.7377
1.78,87.100,0.7380
1.78,87.200,0.7380
1.78,87.300,0.7380
1.78,87.400,0.7380
1.78,87.500,0.7380
1.78,87.600,0.7380
1.78,87.700,0.7380
1.78,87.800,0.7380
1.78,87.900,0.7380
1.78,88.000,0.7380
1.78,88.100,0.7380
1.78,88.200,0.7380
1.78,88.300,0.7380
1.78,88.400,0.7380
1.78,88.500,0.7380
1.78,88.600,0.7380
1.78,88.700,0.7380
1.78,88.800,0.7380
1.78,88.900,0.7380
1.78,89.000,0.7380
1.78,89.100,0.7380
1.78,89.200,0.7380
1.78,89.300,0.7380
1.78,89.400,0.7380
1.78,89.500,0.7380
1.78,89.600,0.7373
1.78,89.700,0.7380
1.78,89.800,0.7373
1.78,89.900,0.7379
1.78,90.000,0.7376
1.78,90.100,0.7374
1.78,90.200,0.7379
1.78,90.300,0.7376
1.78,90.400,0.7377
1.78,90.500,0.7376
1.78,90.600,0.7376
1.78,90.700,0.7374
1.78,90.800,0.7376
1.78,90.900,0.7377
1.78,91.000,0.7376
1.78,91.100,0.7379
1.78,91.200,0.7380
1.78,91.300,0.7375
1.78,91.400,0.7380
1.78,91.500,0.7380
1.78,91.600,0.7380
1.78,91.700,0.7380
1.78,91.800,0.7380
1.78,91.900,0.7380
1.78,92.000,0.7380
1.78,92.100,0.7380
1.78,92.200,0.7380
1.78,92.300,0.7380
1.78,92.400,0.7380
1.78,92.500,0.7380
1.78,92.600,0.7380
1.78,92.700,0.7380
1.78,92.800,0.7380
1.78,92.900,0.7380
1.78,93.000,0.7380
1.78,93.100,0.7380
1.78,93.200,0.7380
1.78,93.300,0.7380
1.78,93.400,0.7380
1.78,93.500,0.7380
1.78,93.600,0.7380
1.78,93.700,0.7380
1.78,93.800,0.7380
1.78,93.900,0.7373
1.78,94.000,0.7376
1.78,94.100,0.7374
1.78,94.200,0.7376
1.78,94.300,0.7380
1.78,94.400,0.7377
1.78,94.500,0.7373
1.78,94.600,0.7377
1.78,94.700,0.7377
1.78,94.800,0.7376
1.78,94.900,0.7377
1.78,95.000,0.7376
1.78,95.100,0.7380
1.78,95.200,0.7371
1.78,95.300,0.7379
1.78,95.400,0.7379
1.78,95.500,0.7373
1.78,95.600,0.7380
1.78,95.700,0.7380
1.78,95.800,0.7380
1.78,95.900,0.7380
1.78,96.000,0.7380
1.78,96.100,0.7380
1.78,96.200,0.7380
1.78,96.300,0.7380
1.78,96.400,0.7380
1.78,96.500,0.7380
1.78,96.600,0.7380
1.78,96.700,0.7380
1.78,96.800,0.7380
1.78,96.900,0.7380
1.78,97.000,0.7380
1.78,97.100,0.7380
1.78,97.200,0.7380
1.78,97.300,0.7380
1.78,97.400,0.7380
1.78,97.500,0.7380
1.78,97.600,0.7380
1.78,97.700,0.7380
1.78,97.800,0.7380
1.78,97.900,0.7380
1.78,98.000,0.7380
1.78,98.100,0.7374
1.78,98.200,0.7376
1.78,98.300,0.7380
1.78,98.400,0.7377
1.78,98.500,0.7374
1.78,98.600,0.7377
1.78,98.700,0.7373
1.78,98.800,0.7380
1.78,98.900,0.7380
1.78,99.000,0.7372
1.78,99.100,0.7380
1.78,99.200,0.7371
1.78,99.300,0.7379
1.78,99.400,0.7379
1.78,99.500,0.7373
1.78,99.600,0.7379
1.78,99.700,0.7373
1.78,99.800,0.7377
1.78,99.900,0.7380
1.78,100.000,0.7380
1.78,100.100,0.7380
1.78,100.200,0.7380
1.78,100.300,0.7380
1.78,100.400,0.7380
1.78,100.500,0.7380
1.78,100.600,0.7380
1.78,100.700,0.7380
1.78,100.800,0.7380
1.78,100.900,0.7380
1.78,101.000,0.7380
1.78,101.100,0.7380
1.78,101.200,0.7380
1.78,101.300,0.7380
1.78,101.400,0.7380
1.78,101.500,0.7380
1.78,101.600,0.7380
1.78,101.700,0.7380
1.78,101.800,0.7380
1.78,101.900,0.7380
1.78,102.000,0.7380
1.78,102.100,0.7380
1.78,102.200,0.7380
1.78,102.300,0.7380
1.78,102.400,0.7377
1.78,102.500,0.7376
1.78,102.600,0.7377
1.78,102.700,0.7373
1.78,102.800,0.7379
1.78,102.900,0.7377
1.78,103.000,0.7376
1.78,103.100,0.7380
1.78,103.200,0.7371
1.78,103.300,0.7379
1.78,103.400,0.7376
1.78,103.500,0.7377
1.78,103.600,0.7380
1.78,103.700,0.7373
1.78,103.800,0.7377
1.78,103.900,0.7376
1.78,104.000,0.7380
1.78,104.100,0.7376
1.78,104.200,0.7380
1.78,104.300,0.7380
1.78,104.400,0.7380
1.78,104.500,0.7380
1.78,104.600,0.7380
1.78,104.700,0.7380
1.78,104.800,0.7380
1.78,104.900,0.7380
1.78,105.000,0.7380
1.78,105.100,0.7380
1.78,105.200,0.7380
1.78,105.300,0.7380
1.78,105.400,0.7380
1.78,105.500,0.7380
1.78,105.600,0.7380
1.78,105.700,0.7380
1.78,105.800,0.7380
1.78,105.900,0.7380
1.78,106.000,0.7380
1.78,106.100,0.7380
1.78,106.200,0.7380
1.78,106.300,0.7380
1.78,106.400,0.7380
1.78,106.500,0.7380
1.78,106.600,0.7380
1.78,106.700,0.7370
1.78,106.800,0.7379
1.78,106.900,0.7373
1.78,107.000,0.7380
1.78,107.100,0.7380
1.78,107.200,0.7371
1.78,107.300,0.7380
1.78,107.400,0.7376
1.78,107.500,0.7377
1.78,107.600,0.7380
1.78,107.700,0.7370
1.78,107.800,0.7380
1.78,107.900,0.7376
1.78,108.000,0.7377
1.78,108.100,0.7376
1.78,108.200,0.7379
1.78,108.300,0.7374
1.78,108.400,0.7380
1.78,108.500,0.7380
1.78,108.600,0.7380
1.78,108.700,0.7380
1.78,108.800,0.7380
1.78,108.900,0.7380
1.78,109.000,0.7380
1.78,109.100,0.7380
1.78,109.200,0.7380
1.78,109.300,0.7380
1.78,109.400,0.7380
1.78,109.500,0.7380
1.78,109.600,0.7380
1.78,109.700,0.7380
1.78,109.800,0.7380
1.78,109.900,0.7380
1.78,110.000,0.7380
1.78,110.100,0.7380
1.78,110.200,0.7380
1.78,110.300,0.7380
1.78,110.400,0.7380
1.78,110.500,0.7380
1.78,110.600,0.7380
1.78,110.700,0.7380
1.78,110.800,0.7380
1.78,110.900,0.7373
1.78,111.000,0.7380
1.78,111.100,0.7373
1.78,111.200,0.7377
1.78,111.300,0.7380
1.78,111.400,0.7373
1.78,111.500,0.7379
1.78,111.600,0.7376
1.78,111.700,0.7380
1.78,111.800,0.7374
1.78,111.900,0.7376
1.78,112.000,0.7377
1.78,112.100,0.7376
1.78,112.200,0.7379
1.78,112.300,0.7369
1.78,112.400,0.7379
1.78,112.500,0.7379
1.78,112.600,0.7373
1.78,112.700,0.7380
1.78,112.800,0.7380
1.78,112.900,0.7380
1.78,113.000,0.7380
1.78,113.100,0.7380
1.78,113.200,0.7380
1.78,113.300,0.7380
1.78,113.400,0.7380
1.78,113.500,0.7380
1.78,113.600,0.7380
1.78,113.700,0.7380
1.78,113.800,0.7380
1.78,113.900,0.7380
1.78,114.000,0.7380
1.78,114.100,0.7380
1.78,114.200,0.7380
1.78,114.300,0.7380
1.78,114.400,0.7380
1.78,114.500,0.7380
1.78,114.600,0.7380
1.78,114.700,0.7380
1.78,114.800,0.7380
1.78,114.900,0.7380
1.78,115.000,0.7380
1.78,115.100,0.7380
1.78,115.200,0.7377
1.78,115.300,0.7379
1.78,115.400,0.7373
1.78,115.500,0.7380
1.78,115.600,0.7376
1.78,115.700,0.7374
1.78,115.800,0.7376
1.78,115.900,0.7379
1.78,116.000,0.7377
1.78,116.100,0.7376
1.78,116.200,0.7377
1.78,116.300,0.7373
1.78,116.400,0.7380
1.78,116.500,0.7377
1.78,116.600,0.7376
1.78,116.700,0.7379
1.78,116.800,0.7380
1.78,116.900,0.7374
1.78,117.000,0.7380
1.78,117.100,0.7380
1.78,117.200,0.7380
1.78,117.300,0.7380
1.78,117.400,0.7380
1.78,117.500,0.7380
1.78,117.600,0.7380
1.78,117.700,0.7380
1.78,117.800,0.7380
1.78,117.900,0.7380
1.78,118.000,0.7380
1.78,118.100,0.7380
1.78,118.200,0.7380
1.78,118.300,0.7380
1.78,118.400,0.7380
1.78,118.500,0.7380
1.78,118.600,0.7380
1.78,118.700,0.7380
1.78,118.800,0.7380
1.78,118.900,0.7380
1.78,119.000,0.7380
1.78,119.100,0.7380
1.78,119.200,0.7380
1.78,119.300,0.7380
1.78,119.400,0.7380
1.78,119.500,0.7376
1.78,119.600,0.7376
1.78,119.700,0.7374
1.78,119.800,0.7376
1.78,119.900,0.7380
1.78,120.000,0.7377
1.78,120.100,0.7376
1.78,120.200,0.7377
1.78,120.300,0.7373
1.78,120.400,0.7379
1.78,120.500,0.7373
1.78,120.600,0.7379
1.78,120.700,0.7379
1.78,120.800,0.7371
1.78,120.900,0.7379
1.78,121.000,0.7376
1.78,121.100,0.7377
1.78,121.200,0.7380
1.78,121.300,0.7380
1.78,121.400,0.7380
1.78,121.500,0.7380
1.78,121.600,0.7380
1.78,121.700,0.7380
1.78,121.800,0.7380
1.78,121.900,0.7380
1.78,122.000,0.7380
1.78,122.100,0.7380
1.78,122.200,0.7380
1.78,122.300,0.7380
1.78,122.400,0.7380
1.78,122.500,0.7380
1.78,122.600,0.7380
1.78,122.700,0.7380
1.78,122.800,0.7380
1.78,122.900,0.7380
1.78,123.000,0.7380
1.78,123.100,0.7380
1.78,123.200,0.7380
1.78,123.300,0.7380
1.78,123.400,0.7380
1.78,123.500,0.7380
1.78,123.600,0.7380
1.78,123.700,0.7374
1.78,123.800,0.7376
1.78,123.900,0.7380
1.78,124.000,0.7373
1.78,124.100,0.7380
1.78,124.200,0.7377
2.65,0.100,0.6400
2.65,0.200,0.6400
2.65,0.300,0.6400
2.65,0.400,0.6400
2.65,0.500,0.6400
2.65,0.600,0.6400
2.65,0.700,0.6400
2.65,0.800,0.6400
2.65,0.900,0.6400
2.65,1.000,0.6400
2.65,1.100,0.6400
2.65,1.200,0.6400
2.65,1.300,0.6400
2.65,1.400,0.6400
2.65,1.500,0.6400
2.65,1.600,0.6400
2.65,1.700,0.6400
2.65,1.800,0.6400
2.65,1.900,0.6400
2.65,2.000,0.6400
2.65,2.100,0.6400
2.65,2.200,0.6400
2.65,2.300,0.6400
2.65,2.400,0.6400
2.65,2.500,0.6400
2.65,2.600,0.6400
2.65,2.700,0.6400
2.65,2.800,0.6400
2.65,2.900,0.6400
2.65,3.000,0.6400
2.65,3.100,0.6400
2.65,3.200,0.6400
2.65,3.300,0.6400
2.65,3.400,0.6400
2.65,3.500,0.6400
2.65,3.600,0.6400
2.65,3.700,0.6400
2.65,3.800,0.6400
2.65,3.900,0.6400
2.65,4.000,0.6400
2.65,4.100,0.6400
2.65,4.200,0.6400
2.65,4.300,0.6400
2.65,4.400,0.6400
2.65,4.500,0.6400
2.65,4.600,0.6400
2.65,4.700,0.6400
2.65,4.800,0.6400
2.65,4.900,0.6400
2.65,5.000,0.6400
2.65,5.100,0.6400
2.65,5.200,0.6400
2.65,5.300,0.6400
2.65,5.400,0.6400
2.65,5.500,0.6400
2.65,5.600,0.6400
2.65,5.700,0.6400
2.65,5.800,0.6400
2.65,5.900,0.6400
2.65,6.000,0.6400
2.65,6.100,0.6400
2.65,6.200,0.6400
2.65,6.300,0.6400
2.65,6.400,0.6400
2.65,6.500,0.6400
2.65,6.600,0.6400
2.65,6.700,0.6400
2.65,6.800,0.6400
2.65,6.900,0.6400
2.65,7.000,0.6400
2.65,7.100,0.6400
2.65,7.200,0.6400
2.65,7.300,0.6400
2.65,7.400,0.6400
2.65,7.500,0.6400
2.65,7.600,0.6400
2.65,7.700,0.6400
2.65,7.800,0.6400
2.65,7.900,0.6400
2.65,8.000,0.6400
2.65,8.100,0.6400
2.65,8.200,0.6400
2.65,8.300,0.6400
2.65,8.400,0.6401
2.65,8.500,0.6400
2.65,8.600,0.6400
2.65,8.700,0.6400
2.65,8.800,0.6400
2.65,8.900,0.6400
2.65,9.000,0.6400
2.65,9.100,0.6400
2.65,9.200,0.6400
2.65,9.300,0.6427
2.65,9.400,0.6457
2.65,9.500,0.6424
2.65,9.600,0.6468
2.65,9.700,0.6411
2.65,9.800,0.6438
2.65,9.900,0.6406
2.65,10.000,0.6400
2.65,10.100,0.6400
2.65,10.200,0.6406
2.65,10.300,0.6428
2.65,10.400,0.6438
2.65,10.500,0.6465
2.65,10.600,0.6438
2.65,10.700,0.6469
2.65,10.800,0.6497
2.65,10.900,0.6526
2.65,11.000,0.6443
2.65,11.100,0.6453
2.65,11.200,0.6470
2.65,11.300,0.6496
2.65,11.400,0.6523
2.65,11.500,0.6539
2.65,11.600,0.6565
2.65,11.700,0.6583
2.65,11.800,0.6613
2.65,11.900,0.6640
2.65,12.000,0.6511
2.65,12.100,0.6534
2.65,12.200,0.6551
2.65,12.300,0.6578
2.65,12.400,0.6604
2.65,12.500,0.6620
2.65,12.600,0.6623
2.65,12.700,0.6641
2.65,12.800,0.6665
2.65,12.900,0.6681
2.65,13.000,0.6706
2.65,13.100,0.6684
2.65,13.200,0.6695
2.65,13.300,0.6724
2.65,13.400,0.6739
2.65,13.500,0.6765
2.65,13.600,0.6790
2.65,13.700,0.6808
2.65,13.800,0.6834
2.65,13.900,0.6851
2.65,14.000,0.6877
2.65,14.100,0.6881
2.65,14.200,0.6917
2.65,14.300,0.6941
2.65,14.400,0.6966
2.65,14.500,0.6980
2.65,14.600,0.7006
2.65,14.700,0.7021
2.65,14.800,0.7048
2.65,14.900,0.7074
2.65,15.000,0.7089
2.65,15.100,0.7125
2.65,15.200,0.7141
2.65,15.300,0.7131
2.65,15.400,0.7142
2.65,15.500,0.7166
2.65,15.600,0.7184
2.65,15.700,0.7199
2.65,15.800,0.7226
2.65,15.900,0.7239
2.65,16.000,0.7254
2.65,16.100,0.7243
2.65,16.200,0.7264
2.65,16.300,0.7288
2.65,16.400,0.7302
2.65,16.500,0.7326
2.65,16.600,0.7346
2.65,16.700,0.7361
2.65,16.800,0.7380
2.65,16.900,0.7376
2.65,17.000,0.7380
2.65,17.100,0.7370
2.65,17.200,0.7370
2.65,17.300,0.7374
2.65,17.400,0.7370
2.65,17.500,0.7379
2.65,17.600,0.7367
2.65,17.700,0.7380
2.65,17.800,0.7377
2.65,17.900,0.7369
2.65,18.000,0.7380
2.65,18.100,0.7361
2.65,18.200,0.7379
2.65,18.300,0.7370
2.65,18.400,0.7374
2.65,18.500,0.7379
2.65,18.600,0.7370
2.65,18.700,0.7377
2.65,18.800,0.7380
2.65,18.900,0.7380
2.65,19.000,0.7380
2.65,19.100,0.7380
2.65,19.200,0.7380
2.65,19.300,0.7380
2.65,19.400,0.7380
2.65,19.500,0.7380
2.65,19.600,0.7380
2.65,19.700,0.7380
2.65,19.800,0.7380
2.65,19.900,0.7380
2.65,20.000,0.7380
2.65,20.100,0.7380
2.65,20.200,0.7380
2.65,20.300,0.7380
2.65,20.400,0.7380
2.65,20.500,0.7380
2.65,20.600,0.7380
2.65,20.700,0.7380
2.65,20.800,0.7380
2.65,20.900,0.7380
2.65,21.000,0.7380
2.65,21.100,0.7380
2.65,21.200,0.7380
2.65,21.300,0.7374
2.65,21.400,0.7370
2.65,21.500,0.7377
2.65,21.600,0.7370
2.65,21.700,0.7380
2.65,21.800,0.7367
2.65,21.900,0.7380
2.65,22.000,0.7380
2.65,22.100,0.7380
2.65,22.200,0.7355
2.65,22.300,0.7371
2.65,22.400,0.7373
2.65,22.500,0.7379
2.65,22.600,0.7370
2.65,22.700,0.7377
2.65,22.800,0.7370
2.65,22.900,0.7377
2.65,23.000,0.7367
2.65,23.100,0.7380
2.65,23.200,0.7380
2.65,23.300,0.7380
2.65,23.400,0.7380
2.65,23.500,0.7380
2.65,23.600,0.7380
2.65,23.700,0.7380
2.65,23.800,0.7380
2.65,23.900,0.7380
2.65,24.000,0.7380
2.65,24.100,0.7380
2.65,24.200,0.7380
2.65,24.300,0.7380
2.65,24.400,0.7380
2.65,24.500,0.7380
2.65,24.600,0.7380
2.65,24.700,0.7380
2.65,24.800,0.7380
2.65,24.900,0.7380
2.65,25.000,0.7380
2.65,25.100,0.7380
2.65,25.200,0.7380
2.65,25.300,0.7380
2.65,25.400,0.7380
2.65,25.500,0.7380
2.65,25.600,0.7370
2.65,25.700,0.7380
2.65,25.800,0.7365
2.65,25.900,0.7380
2.65,26.000,0.7380
2.65,26.100,0.7356
2.65,26.200,0.7371
2.65,26.300,0.7370
2.65,26.400,0.7374
2.65,26.500,0.7370
2.65,26.600,0.7377
2.65,26.700,0.7380
2.65,26.800,0.7370
2.65,26.900,0.7374
2.65,27.000,0.7370
2.65,27.100,0.7373
2.65,27.200,0.7380
2.65,27.300,0.7376
2.65,27.400,0.7380
2.65,27.500,0.7380
2.65,27.600,0.7380
2.65,27.700,0.7380
2.65,27.800,0.7380
2.65,27.900,0.7380
2.65,28.000,0.7380
2.65,28.100,0.7380
2.65,28.200,0.7380
2.65,28.300,0.7380
2.65,28.400,0.7380
2.65,28.500,0.7380
2.65,28.600,0.7380
2.65,28.700,0.7380
2.65,28.800,0.7380
2.65,28.900,0.7380
2.65,29.000,0.7380
2.65,29.100,0.7380
2.65,29.200,0.7380
2.65,29.300,0.7380
2.65,29.400,0.7380
2.65,29.500,0.7380
2.65,29.600,0.7380
2.65,29.700,0.7380
2.65,29.800,0.7380
2.65,29.900,0.7365
2.65,30.000,0.7370
2.65,30.100,0.7370
2.65,30.200,0.7379
2.65,30.300,0.7370
2.65,30.400,0.7377
2.65,30.500,0.7370
2.65,30.600,0.7377
2.65,30.700,0.7379
2.65,30.800,0.7370
2.65,30.900,0.7375
2.65,31.000,0.7370
2.65,31.100,0.7379
2.65,31.200,0.7359
2.65,31.300,0.7379
2.65,31.400,0.7379
2.65,31.500,0.7361
2.65,31.600,0.7380
2.65,31.700,0.7380
2.65,31.800,0.7380
2.65,31.900,0.7380
2.65,32.000,0.7380
2.65,32.100,0.7380
2.65,32.200,0.7380
2.65,32.300,0.7380
2.65,32.400,0.7380
2.65,32.500,0.7380
2.65,32.600,0.7380
2.65,32.700,0.7380
2.65,32.800,0.7380
2.65,32.900,0.7380
2.65,33.000,0.7380
2.65,33.100,0.7380
2.65,33.200,0.7380
2.65,33.300,0.7380
2.65,33.400,0.7380
2.65,33.500,0.7380
2.65,33.600,0.7380
2.65,33.700,0.7380
2.65,33.800,0.7380
2.65,33.900,0.7380
2.65,34.000,0.7374
2.65,34.100,0.7377
2.65,34.200,0.7370
2.65,34.300,0.7379
2.65,34.400,0.7377
2.65,34.500,0.7370
2.65,34.600,0.7377
2.65,34.700,0.7370
2.65,34.800,0.7379
2.65,34.900,0.7380
2.65,35.000,0.7364
2.65,35.100,0.7380
2.65,35.200,0.7367
2.65,35.300,0.7379
2.65,35.400,0.7367
2.65,35.500,0.7367
2.65,35.600,0.7379
2.65,35.700,0.7367
2.65,35.800,0.7379
2.65,35.900,0.7380
2.65,36.000,0.7380
2.65,36.100,0.7380
2.65,36.200,0.7380
2.65,36.300,0.7380
2.65,36.400,0.7380
2.65,36.500,0.7380
2.65,36.600,0.7380
2.65,36.700,0.7380
2.65,36.800,0.7380
2.65,36.900,0.7380
2.65,37.000,0.7380
2.65,37.100,0.7380
2.65,37.200,0.7380
2.65,37.300,0.7380
2.65,37.400,0.7380
2.65,37.500,0.7380
2.65,37.600,0.7380
2.65,37.700,0.7380
2.65,37.800,0.7380
2.65,37.900,0.7380
2.65,38.000,0.7380
2.65,38.100,0.7380
2.65,38.200,0.7374
2.65,38.300,0.7380
2.65,38.400,0.7377
2.65,38.500,0.7370
2.65,38.600,0.7377
2.65,38.700,0.7370
2.65,38.800,0.7379
2.65,38.900,0.7365
2.65,39.000,0.7379
2.65,39.100,0.7380
2.65,39.200,0.7367
2.65,39.300,0.7379
2.65,39.400,0.7367
2.65,39.500,0.7368
2.65,39.600,0.7379
2.65,39.700,0.7359
2.65,39.800,0.7379
2.65,39.900,0.7370
2.65,40.000,0.7380
2.65,40.100,0.7379
2.65,40.200,0.7380
2.65,40.300,0.7380
2.65,40.400,0.7380
2.65,40.500,0.7380
2.65,40.600,0.7380
2.65,40.700,0.7380
2.65,40.800,0.7380
2.65,40.900,0.7380
2.65,41.000,0.7380
2.65,41.100,0.7380
2.65,41.200,0.7378
2.65,41.300,0.7380
2.65,41.400,0.7380
2.65,41.500,0.7380
2.65,41.600,0.7380
2.65,41.700,0.7380
2.65,41.800,0.7380
2.65,41.900,0.7380
2.65,42.000,0.7380
2.65,42.100,0.7380
2.65,42.200,0.7380
2.65,42.300,0.7380
2.65,42.400,0.7380
2.65,42.500,0.7380
2.65,42.600,0.7380
2.65,42.700,0.7367
2.65,42.800,0.7379
2.65,42.900,0.7365
2.65,43.000,0.7379
2.65,43.100,0.7379
2.65,43.200,0.7367
2.65,43.300,0.7379
2.65,43.400,0.7363
2.65,43.500,0.7377
2.65,43.600,0.7379
2.65,43.700,0.7367
2.65,43.800,0.7379
2.65,43.900,0.7370
2.65,44.000,0.7374
2.65,44.100,0.7379
2.65,44.200,0.7370
2.65,44.300,0.7377
2.65,44.400,0.7380
2.65,44.500,0.7380
2.65,44.600,0.7380
2.65,44.700,0.7380
2.65,44.800,0.7380
2.65,44.900,0.7380
2.65,45.000,0.7380
2.65,45.100,0.7380
2.65,45.200,0.7380
2.65,45.300,0.7380
2.65,45.400,0.7380
2.65,45.500,0.7380
2.65,45.600,0.7380
2.65,45.700,0.7380
2.65,45.800,0.7380
2.65,45.900,0.7380
2.65,46.000,0.7380
2.65,46.100,0.7380
2.65,46.200,0.7380
2.65,46.300,0.7380
2.65,46.400,0.7380
2.65,46.500,0.7380
2.65,46.600,0.7380
2.65,46.700,0.7380
2.65,46.800,0.7380
2.65,46.900,0.7359
2.65,47.000,0.7379
2.65,47.100,0.7367
2.65,47.200,0.7377
2.65,47.300,0.7379
2.65,47.400,0.7363
2.65,47.500,0.7379
2.65,47.600,0.7379
2.65,47.700,0.7380
2.65,47.800,0.7364
2.65,47.900,0.7370
2.65,48.000,0.7377
2.65,48.100,0.7370
2.65,48.200,0.7379
2.65,48.300,0.7374
2.65,48.400,0.7370
2.65,48.500,0.7379
2.65,48.600,0.7370
2.65,48.700,0.7380
2.65,48.800,0.7380
2.65,48.900,0.7380
2.65,49.000,0.7380
2.65,49.100,0.7380
2.65,49.200,0.7380
2.65,49.300,0.7380
2.65,49.400,0.7380
2.65,49.500,0.7380
2.65,49.600,0.7380
2.65,49.700,0.7380
2.65,49.800,0.7380
2.65,49.900,0.7380
2.65,50.000,0.7380
2.65,50.100,0.7380
2.65,50.200,0.7380
2.65,50.300,0.7380
2.65,50.400,0.7380
2.65,50.500,0.7380
2.65,50.600,0.7380
2.65,50.700,0.7380
2.65,50.800,0.7380
2.65,50.900,0.7380
2.65,51.000,0.7380
2.65,51.100,0.7371
2.65,51.200,0.7377
2.65,51.300,0.7370
2.65,51.400,0.7367
2.65,51.500,0.7379
2.65,51.600,0.7370
2.65,51.700,0.7374
2.65,51.800,0.7379
2.65,51.900,0.7377
2.65,52.000,0.7377
2.65,52.100,0.7370
2.65,52.200,0.7377
2.65,52.300,0.7367
2.65,52.400,0.7379
2.65,52.500,0.7377
2.65,52.600,0.7370
2.65,52.700,0.7379
2.65,52.800,0.7380
2.65,52.900,0.7374
2.65,53.000,0.7380
2.65,53.100,0.7380
2.65,53.200,0.7380
2.65,53.300,0.7380
2.65,53.400,0.7380
2.65,53.500,0.7380
2.65,53.600,0.7380
2.65,53.700,0.7380
2.65,53.800,0.7380
2.65,53.900,0.7380
2.65,54.000,0.7380
2.65,54.100,0.7380
2.65,54.200,0.7380
2.65,54.300,0.7380
2.65,54.400,0.7380
2.65,54.500,0.7380
2.65,54.600,0.7380
2.65,54.700,0.7380
2.65,54.800,0.7380
2.65,54.900,0.7380
2.65,55.000,0.7380
2.65,55.100,0.7380
2.65,55.200,0.7380
2.65,55.300,0.7380
2.65,55.400,0.7380
2.65,55.500,0.7367
2.65,55.600,0.7370
2.65,55.700,0.7374
2.65,55.800,0.7370
2.65,55.900,0.7380
2.65,56.000,0.7377
2.65,56.100,0.7370
2.65,56.200,0.7377
2.65,56.300,0.7367
2.65,56.400,0.7379
2.65,56.500,0.7377
2.65,56.600,0.7370
2.65,56.700,0.7379
2.65,56.800,0.7365
2.65,56.900,0.7379
2.65,57.000,0.7370
2.65,57.100,0.7377
2.65,57.200,0.7380
2.65,57.300,0.7380
2.65,57.400,0.7380
2.65,57.500,0.7380
2.65,57.600,0.7380
2.65,57.700,0.7380
2.65,57.800,0.7380
2.65,57.900,0.7380
2.65,58.000,0.7380
2.65,58.100,0.7380
2.65,58.200,0.7380
2.65,58.300,0.7380
2.65,58.400,0.7380
2.65,58.500,0.7380
2.65,58.600,0.7380
2.65,58.700,0.7380
2.65,58.800,0.7380
2.65,58.900,0.7380
2.65,59.000,0.7380
2.65,59.100,0.7366
2.65,59.200,0.7380
2.65,59.300,0.7380
2.65,59.400,0.7380
2.65,59.500,0.7380
2.65,59.600,0.7374
2.65,59.700,0.7374
2.65,59.800,0.7370
2.65,59.900,0.7379
2.65,60.000,0.7377
2.65,60.100,0.7370
2.65,60.200,0.7377
2.65,60.300,0.7367
2.65,60.400,0.7379
2.65,60.500,0.7380
2.65,60.600,0.7367
2.65,60.700,0.7379
2.65,60.800,0.7365
2.65,60.900,0.7379
2.65,61.000,0.7370
2.65,61.100,0.7377
2.65,61.200,0.7379
2.65,61.300,0.7367
2.65,61.400,0.7377
2.65,61.500,0.7380
2.65,61.600,0.7380
2.65,61.700,0.7380
2.65,61.800,0.7380
2.65,61.900,0.7380
2.65,62.000,0.7380
2.65,62.100,0.7380
2.65,62.200,0.7380
2.65,62.300,0.7380
2.65,62.400,0.7380
2.65,62.500,0.7380
2.65,62.600,0.7380
2.65,62.700,0.7380
2.65,62.800,0.7380
2.65,62.900,0.7380
2.65,63.000,0.7380
2.65,63.100,0.7380
2.65,63.200,0.7380
2.65,63.300,0.7380
2.65,63.400,0.7380
2.65,63.500,0.7380
2.65,63.600,0.7380
2.65,63.700,0.7380
2.65,63.800,0.7374
2.65,63.900,0.7380
2.65,64.000,0.7370
2.65,64.100,0.7379
2.65,64.200,0.7374
2.65,64.300,0.7370
2.65,64.400,0.7379
2.65,64.500,0.7367
2.65,64.600,0.7379
2.65,64.700,0.7370
2.65,64.800,0.7374
2.65,64.900,0.7379
2.65,65.000,0.7370
2.65,65.100,0.7377
2.65,65.200,0.7370
2.65,65.300,0.7377
2.65,65.400,0.7377
2.65,65.500,0.7370
2.65,65.600,0.7380
2.65,65.700,0.7376
2.65,65.800,0.7380
2.65,65.900,0.7380
2.65,66.000,0.7380
2.65,66.100,0.7380
2.65,66.200,0.7380
2.65,66.300,0.7380
2.65,66.400,0.7380
2.65,66.500,0.7380
2.65,66.600,0.7380
2.65,66.700,0.7380
2.65,66.800,0.7380
2.65,66.900,0.7380
2.65,67.000,0.7380
2.65,67.100,0.7380
2.65,67.200,0.7380
2.65,67.300,0.7380
2.65,67.400,0.7380
2.65,67.500,0.7380
2.65,67.600,0.7380
2.65,67.700,0.7380
2.65,67.800,0.7380
2.65,67.900,0.7380
2.65,68.000,0.7380
2.65,68.100,0.7380
2.65,68.200,0.7380
2.65,68.300,0.7364
2.65,68.400,0.7379
2.65,68.500,0.7367
2.65,68.600,0.7379
2.65,68.700,0.7370
2.65,68.800,0.7374
2.65,68.900,0.7379
2.65,69.000,0.7367
2.65,69.100,0.7379
2.65,69.200,0.7370
2.65,69.300,0.7374
2.65,69.400,0.7370
2.65,69.500,0.7379
2.65,69.600,0.7377
2.65,69.700,0.7370
2.65,69.800,0.7379
2.65,69.900,0.7365
2.65,70.000,0.7380
2.65,70.100,0.7380
2.65,70.200,0.7380
2.65,70.300,0.7380
2.65,70.400,0.7380
2.65,70.500,0.7380
2.65,70.600,0.7380
2.65,70.700,0.7380
2.65,70.800,0.7380
2.65,70.900,0.7380
2.65,71.000,0.7380
2.65,71.100,0.7380
2.65,71.200,0.7380
2.65,71.300,0.7380
2.65,71.400,0.7380
2.65,71.500,0.7380
2.65,71.600,0.7380
2.65,71.700,0.7380
2.65,71.800,0.7380
2.65,71.900,0.7380
2.65,72.000,0.7380
2.65,72.100,0.7380
2.65,72.200,0.7380
2.65,72.300,0.7380
2.65,72.400,0.7380
2.65,72.500,0.7367
2.65,72.600,0.7379
2.65,72.700,0.7367
2.65,72.800,0.7377
2.65,72.900,0.7370
2.65,73.000,0.7377
2.65,73.100,0.7379
2.65,73.200,0.7370
2.65,73.300,0.7380
2.65,73.400,0.7364
2.65,73.500,0.7379
2.65,73.600,0.7377
2.65,73.700,0.7370
2.65,73.800,0.7379
2.65,73.900,0.7365
2.65,74.000,0.7379
2.65,74.100,0.7367
2.65,74.200,0.7379
2.65,74.300,0.7380
2.65,74.400,0.7380
2.65,74.500,0.7380
2.65,74.600,0.7380
2.65,74.700,0.7380
2.65,74.800,0.7380
2.65,74.900,0.7380
2.65,75.000,0.7380
2.65,75.100,0.7380
2.65,75.200,0.7380
2.65,75.300,0.7380
2.65,75.400,0.7380
2.65,75.500,0.7380
2.65,75.600,0.7380
2.65,75.700,0.7380
2.65,75.800,0.7380
2.65,75.900,0.7380
2.65,76.000,0.7380
2.65,76.100,0.7380
2.65,76.200,0.7380
2.65,76.300,0.7380
2.65,76.400,0.7380
2.65,76.500,0.7380
2.65,76.600,0.7380
2.65,76.700,0.7371
2.65,76.800,0.7377
2.65,76.900,0.7370
2.65,77.000,0.7377
2.65,77.100,0.7379
2.65,77.200,0.7370
2.65,77.300,0.7374
2.65,77.400,0.7370
2.65,77.500,0.7379
2.65,77.600,0.7367
2.65,77.700,0.7379
2.65,77.800,0.7377
2.65,77.900,0.7367
2.65,78.000,0.7379
2.65,78.100,0.7367
2.65,78.200,0.7379
2.65,78.300,0.7370
2.65,78.400,0.7380
2.65,78.500,0.7375
2.65,78.600,0.7380
2.65,78.700,0.7380
2.65,78.800,0.7380
2.65,78.900,0.7380
2.65,79.000,0.7380
2.65,79.100,0.7380
2.65,79.200,0.7380
2.65,79.300,0.7380
2.65,79.400,0.7380
2.65,79.500,0.7380
2.65,79.600,0.7380
2.65,79.700,0.7380
2.65,79.800,0.7380
2.65,79.900,0.7380
2.65,80.000,0.7380
2.65,80.100,0.7380
2.65,80.200,0.7380
2.65,80.300,0.7380
2.65,80.400,0.7380
2.65,80.500,0.7380
2.65,80.600,0.7380
2.65,80.700,0.7380
2.65,80.800,0.7380
2.65,80.900,0.7374
2.65,81.000,0.7380
2.65,81.100,0.7367
2.65,81.200,0.7380
2.65,81.300,0.7374
2.65,81.400,0.7370
2.65,81.500,0.7379
2.65,81.600,0.7359
2.65,81.700,0.7379
2.65,81.800,0.7367
2.65,81.900,0.7377
2.65,82.000,0.7379
2.65,82.100,0.7367
2.65,82.200,0.7379
2.65,82.300,0.7370
2.65,82.400,0.7374
2.65,82.500,0.7379
2.65,82.600,0.7366
2.65,82.700,0.7377
2.65,82.800,0.7380
2.65,82.900,0.7380
2.65,83.000,0.7380
2.65,83.100,0.7380
2.65,83.200,0.7380
2.65,83.300,0.7380
2.65,83.400,0.7380
2.65,83.500,0.7380
2.65,83.600,0.7380
2.65,83.700,0.7380
2.65,83.800,0.7380
2.65,83.900,0.7380
2.65,84.000,0.7380
2.65,84.100,0.7380
2.65,84.200,0.7380
2.65,84.300,0.7380
2.65,84.400,0.7380
2.65,84.500,0.7380
2.65,84.600,0.7380
2.65,84.700,0.7380
2.65,84.800,0.7380
2.65,84.900,0.7380
2.65,85.000,0.7380
2.65,85.100,0.7380
2.65,85.200,0.7380
2.65,85.300,0.7365
2.65,85.400,0.7379
2.65,85.500,0.7379
2.65,85.600,0.7367
2.65,85.700,0.7379
2.65,85.800,0.7365
2.65,85.900,0.7379
2.65,86.000,0.7379
2.65,86.100,0.7380
2.65,86.200,0.7367
2.65,86.300,0.7370
2.65,86.400,0.7374
2.65,86.500,0.7370
2.65,86.600,0.7370
2.65,86.700,0.7377
2.65,86.800,0.7370
2.65,86.900,0.7377
2.65,87.000,0.7377
2.65,87.100,0.7380
2.65,87.200,0.7380
2.65,87.300,0.7380
2.65,87.400,0.7380
2.65,87.500,0.7380
2.65,87.600,0.7378
2.65,87.700,0.7380
2.65,87.800,0.7380
2.65,87.900,0.7380
2.65,88.000,0.7380
2.65,88.100,0.7380
2.65,88.200,0.7380
2.65,88.300,0.7380
2.65,88.400,0.7380
2.65,88.500,0.7380
2.65,88.600,0.7380
2.65,88.700,0.7380
2.65,88.800,0.7380
2.65,88.900,0.7380
2.65,89.000,0.7380
2.65,89.100,0.7380
2.65,89.200,0.7380
2.65,89.300,0.7380
2.65,89.400,0.7380
2.65,89.500,0.7380
2.65,89.600,0.7367
2.65,89.700,0.7379
2.65,89.800,0.7367
2.65,89.900,0.7379
2.65,90.000,0.7370
2.65,90.100,0.7374
2.65,90.200,0.7379
2.65,90.300,0.7370
2.65,90.400,0.7377
2.65,90.500,0.7370
2.65,90.600,0.7370
2.65,90.700,0.7374
2.65,90.800,0.7370
2.65,90.900,0.7377
2.65,91.000,0.7370
2.65,91.100,0.7379
2.65,91.200,0.7380
2.65,91.300,0.7370
2.65,91.400,0.7380
2.65,91.500,0.7380
2.65,91.600,0.7380
2.65,91.700,0.7380
2.65,91.800,0.7380
2.65,91.900,0.7380
2.65,92.000,0.7380
2.65,92.100,0.7380
2.65,92.200,0.7380
2.65,92.300,0.7380
2.65,92.400,0.7380
2.65,92.500,0.7380
2.65,92.600,0.7380
2.65,92.700,0.7380
2.65,92.800,0.7380
2.65,92.900,0.7380
2.65,93.000,0.7380
2.65,93.100,0.7380
2.65,93.200,0.7380
2.65,93.300,0.7380
2.65,93.400,0.7380
2.65,93.500,0.7380
2.65,93.600,0.7380
2.65,93.700,0.7380
2.65,93.800,0.7380
2.65,93.900,0.7367
2.65,94.000,0.7370
2.65,94.100,0.7374
2.65,94.200,0.7370
2.65,94.300,0.7379
2.65,94.400,0.7377
2.65,94.500,0.7366
2.65,94.600,0.7377
2.65,94.700,0.7377
2.65,94.800,0.7370
2.65,94.900,0.7377
2.65,95.000,0.7370
2.65,95.100,0.7379
2.65,95.200,0.7365
2.65,95.300,0.7379
2.65,95.400,0.7379
2.65,95.500,0.7367
2.65,95.600,0.7380
2.65,95.700,0.7380
2.65,95.800,0.7380
2.65,95.900,0.7380
2.65,96.000,0.7380
2.65,96.100,0.7380
2.65,96.200,0.7380
2.65,96.300,0.7380
2.65,96.400,0.7380
2.65,96.500,0.7380
2.65,96.600,0.7380
2.65,96.700,0.7380
2.65,96.800,0.7380
2.65,96.900,0.7380
2.65,97.000,0.7380
2.65,97.100,0.7380
2.65,97.200,0.7380
2.65,97.300,0.7380
2.65,97.400,0.7380
2.65,97.500,0.7380
2.65,97.600,0.7380
2.65,97.700,0.7380
2.65,97.800,0.7380
2.65,97.900,0.7380
2.65,98.000,0.7374
2.65,98.100,0.7374
2.65,98.200,0.7370
2.65,98.300,0.7379
2.65,98.400,0.7377
2.65,98.500,0.7366
2.65,98.600,0.7377
2.65,98.700,0.7367
2.65,98.800,0.7379
2.65,98.900,0.7380
2.65,99.000,0.7367
2.65,99.100,0.7379
2.65,99.200,0.7365
2.65,99.300,0.7379
2.65,99.400,0.7379
2.65,99.500,0.7359
2.65,99.600,0.7379
2.65,99.700,0.7367
2.65,99.800,0.7377
2.65,99.900,0.7380
2.65,100.000,0.7380
2.65,100.100,0.7380
2.65,100.200,0.7380
2.65,100.300,0.7380
2.65,100.400,0.7380
2.65,100.500,0.7380
2.65,100.600,0.7380
2.65,100.700,0.7380
2.65,100.800,0.7380
2.65,100.900,0.7380
2.65,101.000,0.7380
2.65,101.100,0.7380
2.65,101.200,0.7380
2.65,101.300,0.7380
2.65,101.400,0.7380
2.65,101.500,0.7380
2.65,101.600,0.7380
2.65,101.700,0.7380
2.65,101.800,0.7380
2.65,101.900,0.7380
2.65,102.000,0.7380
2.65,102.100,0.7380
2.65,102.200,0.7370
2.65,102.300,0.7380
2.65,102.400,0.7377
2.65,102.500,0.7370
2.65,102.600,0.7377
2.65,102.700,0.7359
2.65,102.800,0.7379
2.65,102.900,0.7377
2.65,103.000,0.7370
2.65,103.100,0.7379
2.65,103.200,0.7365
2.65,103.300,0.7379
2.65,103.400,0.7370
2.65,103.500,0.7377
2.65,103.600,0.7379
2.65,103.700,0.7367
2.65,103.800,0.7377
2.65,103.900,0.7370
2.65,104.000,0.7380
2.65,104.100,0.7376
2.65,104.200,0.7380
2.65,104.300,0.7380
2.65,104.400,0.7380
2.65,104.500,0.7380
2.65,104.600,0.7380
2.65,104.700,0.7380
2.65,104.800,0.7380
2.65,104.900,0.7380
2.65,105.000,0.7380
2.65,105.100,0.7380
2.65,105.200,0.7380
2.65,105.300,0.7380
2.65,105.400,0.7380
2.65,105.500,0.7380
2.65,105.600,0.7380
2.65,105.700,0.7380
2.65,105.800,0.7380
2.65,105.900,0.7380
2.65,106.000,0.7380
2.65,106.100,0.7380
2.65,106.200,0.7380
2.65,106.300,0.7380
2.65,106.400,0.7380
2.65,106.500,0.7374
2.65,106.600,0.7380
2.65,106.700,0.7364
2.65,106.800,0.7379
2.65,106.900,0.7367
2.65,107.000,0.7379
2.65,107.100,0.7379
2.65,107.200,0.7365
2.65,107.300,0.7379
2.65,107.400,0.7370
2.65,107.500,0.7377
2.65,107.600,0.7379
2.65,107.700,0.7365
2.65,107.800,0.7379
2.65,107.900,0.7370
2.65,108.000,0.7377
2.65,108.100,0.7370
2.65,108.200,0.7379
2.65,108.300,0.7374
2.65,108.400,0.7380
2.65,108.500,0.7380
2.65,108.600,0.7380
2.65,108.700,0.7380
2.65,108.800,0.7380
2.65,108.900,0.7380
2.65,109.000,0.7380
2.65,109.100,0.7380
2.65,109.200,0.7380
2.65,109.300,0.7380
2.65,109.400,0.7380
2.65,109.500,0.7380
2.65,109.600,0.7380
2.65,109.700,0.7380
2.65,109.800,0.7380
2.65,109.900,0.7380
2.65,110.000,0.7380
2.65,110.100,0.7380
2.65,110.200,0.7380
2.65,110.300,0.7380
2.65,110.400,0.7380
2.65,110.500,0.7380
2.65,110.600,0.7380
2.65,110.700,0.7380
2.65,110.800,0.7380
2.65,110.900,0.7367
2.65,111.000,0.7379
2.65,111.100,0.7367
2.65,111.200,0.7377
2.65,111.300,0.7379
2.65,111.400,0.7367
2.65,111.500,0.7379
2.65,111.600,0.7370
2.65,111.700,0.7380
2.65,111.800,0.7374
2.65,111.900,0.7370
2.65,112.000,0.7377
2.65,112.100,0.7370
2.65,112.200,0.7379
2.65,112.300,0.7354
2.65,112.400,0.7378
2.65,112.500,0.7379
2.65,112.600,0.7367
2.65,112.700,0.7380
2.65,112.800,0.7380
2.65,112.900,0.7380
2.65,113.000,0.7380
2.65,113.100,0.7380
2.65,113.200,0.7380
2.65,113.300,0.7380
2.65,113.400,0.7380
2.65,113.500,0.7380
2.65,113.600,0.7380
2.65,113.700,0.7380
2.65,113.800,0.7380
2.65,113.900,0.7380
2.65,114.000,0.7380
2.65,114.100,0.7380
2.65,114.200,0.7380
2.65,114.300,0.7380
2.65,114.400,0.7380
2.65,114.500,0.7380
2.65,114.600,0.7380
2.65,114.700,0.7380
2.65,114.800,0.7380
2.65,114.900,0.7380
2.65,115.000,0.7380
2.65,115.100,0.7371
2.65,115.200,0.7377
2.65,115.300,0.7379
2.65,115.400,0.7367
2.65,115.500,0.7379
2.65,115.600,0.7370
2.65,115.700,0.7374
2.65,115.800,0.7370
2.65,115.900,0.7379
2.65,116.000,0.7377
2.65,116.100,0.7370
2.65,116.200,0.7377
2.65,116.300,0.7367
2.65,116.400,0.7379
2.65,116.500,0.7377
2.65,116.600,0.7370
2.65,116.700,0.7379
2.65,116.800,0.7380
2.65,116.900,0.7374
2.65,117.000,0.7380
2.65,117.100,0.7380
2.65,117.200,0.7380
2.65,117.300,0.7380
2.65,117.400,0.7380
2.65,117.500,0.7380
2.65,117.600,0.7380
2.65,117.700,0.7380
2.65,117.800,0.7380
2.65,117.900,0.7380
2.65,118.000,0.7380
2.65,118.100,0.7380
2.65,118.200,0.7380
2.65,118.300,0.7380
2.65,118.400,0.7380
2.65,118.500,0.7380
2.65,118.600,0.7380
2.65,118.700,0.7380
2.65,118.800,0.7380
2.65,118.900,0.7380
2.65,119.000,0.7380
2.65,119.100,0.7380
2.65,119.200,0.7380
2.65,119.300,0.7374
2.65,119.400,0.7380
2.65,119.500,0.7376
2.65,119.600,0.7370
2.65,119.700,0.7374
2.65,119.800,0.7370
2.65,119.900,0.7379
2.65,120.000,0.7377
2.65,120.100,0.7370
2.65,120.200,0.7377
2.65,120.300,0.7367
2.65,120.400,0.7379
2.65,120.500,0.7367
2.65,120.600,0.7379
2.65,120.700,0.7379
2.65,120.800,0.7365
2.65,120.900,0.7379
2.65,121.000,0.7370
2.65,121.100,0.7377
2.65,121.200,0.7380
2.65,121.300,0.7380
2.65,121.400,0.7380
2.65,121.500,0.7380
2.65,121.600,0.7380
2.65,121.700,0.7380
2.65,121.800,0.7380
2.65,121.900,0.7380
2.65,122.000,0.7380
2.65,122.100,0.7380
2.65,122.200,0.7380
2.65,122.300,0.7380
2.65,122.400,0.7380
2.65,122.500,0.7380
2.65,122.600,0.7380
2.65,122.700,0.7380
2.65,122.800,0.7380
2.65,122.900,0.7380
2.65,123.000,0.7380
2.65,123.100,0.7380
2.65,123.200,0.7380
2.65,123.300,0.7380
2.65,123.400,0.7380
2.65,123.500,0.7380
2.65,123.600,0.7374
2.65,123.700,0.7374
2.65,123.800,0.7370
2.65,123.900,0.7379
2.65,124.000,0.7367
2.65,124.100,0.7379
2.65,124.200,0.7377
4.28,0.100,0.6400
4.28,0.200,0.6400
4.28,0.300,0.6400
4.28,0.400,0.6400
4.28,0.500,0.6400
4.28,0.600,0.6400
4.28,0.700,0.6400
4.28,0.800,0.6400
4.28,0.900,0.6400
4.28,1.000,0.6400
4.28,1.100,0.6400
4.28,1.200,0.6400
4.28,1.300,0.6400
4.28,1.400,0.6400
4.28,1.500,0.6400
4.28,1.600,0.6400
4.28,1.700,0.6400
4.28,1.800,0.6400
4.28,1.900,0.6400
4.28,2.000,0.6400
4.28,2.100,0.6400
4.28,2.200,0.6400
4.28,2.300,0.6400
4.28,2.400,0.6400
4.28,2.500,0.6400
4.28,2.600,0.6400
4.28,2.700,0.6400
4.28,2.800,0.6400
4.28,2.900,0.6400
4.28,3.000,0.6400
4.28,3.100,0.6400
4.28,3.200,0.6400
4.28,3.300,0.6400
4.28,3.400,0.6400
4.28,3.500,0.6400
4.28,3.600,0.6400
4.28,3.700,0.6400
4.28,3.800,0.6400
4.28,3.900,0.6400
4.28,4.000,0.6400
4.28,4.100,0.6400
4.28,4.200,0.6400
4.28,4.300,0.6400
4.28,4.400,0.6400
4.28,4.500,0.6400
4.28,4.600,0.6400
4.28,4.700,0.6400
4.28,4.800,0.6400
4.28,4.900,0.6400
4.28,5.000,0.6400
4.28,5.100,0.6400
4.28,5.200,0.6400
4.28,5.300,0.6400
4.28,5.400,0.6400
4.28,5.500,0.6400
4.28,5.600,0.6400
4.28,5.700,0.6400
4.28,5.800,0.6400
4.28,5.900,0.6400
4.28,6.000,0.6400
4.28,6.100,0.6400
4.28,6.200,0.6400
4.28,6.300,0.6400
4.28,6.400,0.6400
4.28,6.500,0.6400
4.28,6.600,0.6400
4.28,6.700,0.6400
4.28,6.800,0.6400
4.28,6.900,0.6400
4.28,7.000,0.6400
4.28,7.100,0.6400
4.28,7.200,0.6400
4.28,7.300,0.6400
4.28,7.400,0.6400
4.28,7.500,0.6400
4.28,7.600,0.6400
4.28,7.700,0.6400
4.28,7.800,0.6400
4.28,7.900,0.6400
4.28,8.000,0.6400
4.28,8.100,0.6400
4.28,8.200,0.6400
4.28,8.300,0.6400
4.28,8.400,0.6400
4.28,8.500,0.6400
4.28,8.600,0.6400
4.28,8.700,0.6400
4.28,8.800,0.6400
4.28,8.900,0.6400
4.28,9.000,0.6400
4.28,9.100,0.6400
4.28,9.200,0.6400
4.28,9.300,0.6403
4.28,9.400,0.6400
4.28,9.500,0.6403
4.28,9.600,0.6401
4.28,9.700,0.6400
4.28,9.800,0.6400
4.28,9.900,0.6400
4.28,10.000,0.6402
4.28,10.100,0.6405
4.28,10.200,0.6407
4.28,10.300,0.6403
4.28,10.400,0.6406
4.28,10.500,0.6408
4.28,10.600,0.6412
4.28,10.700,0.6414
4.28,10.800,0.6416
4.28,10.900,0.6415
4.28,11.000,0.6416
4.28,11.100,0.6403
4.28,11.200,0.6406
4.28,11.300,0.6408
4.28,11.400,0.6410
4.28,11.500,0.6410
4.28,11.600,0.6412
4.28,11.700,0.6414
4.28,11.800,0.6416
4.28,11.900,0.6419
4.28,12.000,0.6417
4.28,12.100,0.6419
4.28,12.200,0.6421
4.28,12.300,0.6403
4.28,12.400,0.6405
4.28,12.500,0.6408
4.28,12.600,0.6403
4.28,12.700,0.6406
4.28,12.800,0.6407
4.28,12.900,0.6409
4.28,13.000,0.6411
4.28,13.100,0.6413
4.28,13.200,0.6412
4.28,13.300,0.6400
4.28,13.400,0.6403
4.28,13.500,0.6405
4.28,13.600,0.6407
4.28,13.700,0.6407
4.28,13.800,0.6409
4.28,13.900,0.6410
4.28,14.000,0.6413
4.28,14.100,0.6414
4.28,14.200,0.6416
4.28,14.300,0.6419
4.28,14.400,0.6403
4.28,14.500,0.6406
4.28,14.600,0.6405
4.28,14.700,0.6408
4.28,14.800,0.6410
4.28,14.900,0.6412
4.28,15.000,0.6411
4.28,15.100,0.6413
4.28,15.200,0.6415
4.28,15.300,0.6403
4.28,15.400,0.6405
4.28,15.500,0.6404
4.28,15.600,0.6404
4.28,15.700,0.6406
4.28,15.800,0.6408
4.28,15.900,0.6410
4.28,16.000,0.6412
4.28,16.100,0.6411
4.28,16.200,0.6413
4.28,16.300,0.6403
4.28,16.400,0.6405
4.28,16.500,0.6407
4.28,16.600,0.6410
4.28,16.700,0.6409
4.28,16.800,0.6410
4.28,16.900,0.6411
4.28,17.000,0.6412
4.28,17.100,0.6413
4.28,17.200,0.6412
4.28,17.300,0.6400
4.28,17.400,0.6400
4.28,17.500,0.6402
4.28,17.600,0.6404
4.28,17.700,0.6407
4.28,17.800,0.6406
4.28,17.900,0.6408
4.28,18.000,0.6410
4.28,18.100,0.6412
4.28,18.200,0.6414
4.28,18.300,0.6400
4.28,18.400,0.6400
4.28,18.500,0.6402
4.28,18.600,0.6405
4.28,18.700,0.6407
4.28,18.800,0.6410
4.28,18.900,0.6411
4.28,19.000,0.6413
4.28,19.100,0.6410
4.28,19.200,0.6412
4.28,19.300,0.6403
4.28,19.400,0.6403
4.28,19.500,0.6405
4.28,19.600,0.6407
4.28,19.700,0.6404
4.28,19.800,0.6406
4.28,19.900,0.6408
4.28,20.000,0.6410
4.28,20.100,0.6412
4.28,20.200,0.6410
4.28,20.300,0.6403
4.28,20.400,0.6405
4.28,20.500,0.6407
4.28,20.600,0.6409
4.28,20.700,0.6411
4.28,20.800,0.6412
4.28,20.900,0.6413
4.28,21.000,0.6415
4.28,21.100,0.6417
4.28,21.200,0.6418
4.28,21.300,0.6416
4.28,21.400,0.6410
4.28,21.500,0.6412
4.28,21.600,0.6414
4.28,21.700,0.6416
4.28,21.800,0.6417
4.28,21.900,0.6416
4.28,22.000,0.6416
4.28,22.100,0.6418
4.28,22.200,0.6419
4.28,22.300,0.6400
4.28,22.400,0.6400
4.28,22.500,0.6400
4.28,22.600,0.6404
4.28,22.700,0.6406
4.28,22.800,0.6408
4.28,22.900,0.6410
4.28,23.000,0.6412
4.28,23.100,0.6414
4.28,23.200,0.6413
4.28,23.300,0.6415
4.28,23.400,0.6410
4.28,23.500,0.6412
4.28,23.600,0.6414
4.28,23.700,0.6413
4.28,23.800,0.6413
4.28,23.900,0.6415
4.28,24.000,0.6417
4.28,24.100,0.6419
4.28,24.200,0.6421
4.28,24.300,0.6413
4.28,24.400,0.6410
4.28,24.500,0.6414
4.28,24.600,0.6412
4.28,24.700,0.6417
4.28,24.800,0.6404
4.28,24.900,0.6403
4.28,25.000,0.6405
4.28,25.100,0.6407
4.28,25.200,0.6409
4.28,25.300,0.6406
4.28,25.400,0.6404
4.28,25.500,0.6404
4.28,25.600,0.6405
4.28,25.700,0.6407
4.28,25.800,0.6408
4.28,25.900,0.6410
4.28,26.000,0.6410
4.28,26.100,0.6412
4.28,26.200,0.6414
4.28,26.300,0.6411
4.28,26.400,0.6413
4.28,26.500,0.6415
4.28,26.600,0.6413
4.28,26.700,0.6415
4.28,26.800,0.6417
4.28,26.900,0.6419
4.28,27.000,0.6421
4.28,27.100,0.6423
4.28,27.200,0.6425
4.28,27.300,0.6428
4.28,27.400,0.6423
4.28,27.500,0.6423
4.28,27.600,0.6426
4.28,27.700,0.6427
4.28,27.800,0.6427
4.28,27.900,0.6429
4.28,28.000,0.6431
4.28,28.100,0.6432
4.28,28.200,0.6434
4.28,28.300,0.6433
4.28,28.400,0.6404
4.28,28.500,0.6408
4.28,28.600,0.6411
4.28,28.700,0.6414
4.28,28.800,0.6415
4.28,28.900,0.6417
4.28,29.000,0.6417
4.28,29.100,0.6419
4.28,29.200,0.6421
4.28,29.300,0.6418
4.28,29.400,0.6404
4.28,29.500,0.6407
4.28,29.600,0.6409
4.28,29.700,0.6412
4.28,29.800,0.6416
4.28,29.900,0.6411
4.28,30.000,0.6409
4.28,30.100,0.6401
4.28,30.200,0.6403
4.28,30.300,0.6400
4.28,30.400,0.6402
4.28,30.500,0.6404
4.28,30.600,0.6406
4.28,30.700,0.6406
4.28,30.800,0.6408
4.28,30.900,0.6410
4.28,31.000,0.6412
4.28,31.100,0.6414
4.28,31.200,0.6416
4.28,31.300,0.6407
4.28,31.400,0.6412
4.28,31.500,0.6417
4.28,31.600,0.6417
4.28,31.700,0.6419
4.28,31.800,0.6421
4.28,31.900,0.6423
4.28,32.000,0.6423
4.28,32.100,0.6425
4.28,32.200,0.6426
4.28,32.300,0.6428
4.28,32.400,0.6431
4.28,32.500,0.6430
4.28,32.600,0.6432
4.28,32.700,0.6434
4.28,32.800,0.6436
4.28,32.900,0.6438
4.28,33.000,0.6439
4.28,33.100,0.6403
4.28,33.200,0.6405
4.28,33.300,0.6407
4.28,33.400,0.6409
4.28,33.500,0.6411
4.28,33.600,0.6413
4.28,33.700,0.6412
4.28,33.800,0.6414
4.28,33.900,0.6416
4.28,34.000,0.6417
4.28,34.100,0.6418
4.28,34.200,0.6417
4.28,34.300,0.6419
4.28,34.400,0.6421
4.28,34.500,0.6423
4.28,34.600,0.6425
4.28,34.700,0.6427
4.28,34.800,0.6424
4.28,34.900,0.6427
4.28,35.000,0.6428
4.28,35.100,0.6430
4.28,35.200,0.6432
4.28,35.300,0.6434
4.28,35.400,0.6433
4.28,35.500,0.6435
4.28,35.600,0.6437
4.28,35.700,0.6440
4.28,35.800,0.6442
4.28,35.900,0.6444
4.28,36.000,0.6443
4.28,36.100,0.6445
4.28,36.200,0.6422
4.28,36.300,0.6424
4.28,36.400,0.6426
4.28,36.500,0.6428
4.28,36.600,0.6425
4.28,36.700,0.6427
4.28,36.800,0.6429
4.28,36.900,0.6431
4.28,37.000,0.6433
4.28,37.100,0.6435
4.28,37.200,0.6431
4.28,37.300,0.6433
4.28,37.400,0.6435
4.28,37.500,0.6437
4.28,37.600,0.6439
4.28,37.700,0.6438
4.28,37.800,0.6438
4.28,37.900,0.6440
4.28,38.000,0.6442
4.28,38.100,0.6436
4.28,38.200,0.6437
4.28,38.300,0.6436
4.28,38.400,0.6437
4.28,38.500,0.6439
4.28,38.600,0.6441
4.28,38.700,0.6443
4.28,38.800,0.6445
4.28,38.900,0.6444
4.28,39.000,0.6446
4.28,39.100,0.6422
4.28,39.200,0.6419
4.28,39.300,0.6421
4.28,39.400,0.6423
4.28,39.500,0.6421
4.28,39.600,0.6422
4.28,39.700,0.6424
4.28,39.800,0.6426
4.28,39.900,0.6429
4.28,40.000,0.6431
4.28,40.100,0.6433
4.28,40.200,0.6405
4.28,40.300,0.6407
4.28,40.400,0.6409
4.28,40.500,0.6411
4.28,40.600,0.6412
4.28,40.700,0.6412
4.28,40.800,0.6414
4.28,40.900,0.6416
4.28,41.000,0.6418
4.28,41.100,0.6420
4.28,41.200,0.6419
4.28,41.300,0.6417
4.28,41.400,0.6419
4.28,41.500,0.6420
4.28,41.600,0.6422
4.28,41.700,0.6424
4.28,41.800,0.6426
4.28,41.900,0.6426
4.28,42.000,0.6428
4.28,42.100,0.6430
4.28,42.200,0.6427
4.28,42.300,0.6429
4.28,42.400,0.6428
4.28,42.500,0.6427
4.28,42.600,0.6428
4.28,42.700,0.6429
4.28,42.800,0.6431
4.28,42.900,0.6433
4.28,43.000,0.6432
4.28,43.100,0.6434
4.28,43.200,0.6436
4.28,43.300,0.6438
4.28,43.400,0.6440
4.28,43.500,0.6442
4.28,43.600,0.6441
4.28,43.700,0.6443
4.28,43.800,0.6445
4.28,43.900,0.6447
4.28,44.000,0.6449
4.28,44.100,0.6438
4.28,44.200,0.6444
4.28,44.300,0.6439
4.28,44.400,0.6441
4.28,44.500,0.6443
4.28,44.600,0.6445
4.28,44.700,0.6447
4.28,44.800,0.6446
4.28,44.900,0.6448
4.28,45.000,0.6450
4.28,45.100,0.6452
4.28,45.200,0.6454
4.28,45.300,0.6428
4.28,45.400,0.6428
4.28,45.500,0.6430
4.28,45.600,0.6432
4.28,45.700,0.6433
4.28,45.800,0.6435
4.28,45.900,0.6435
4.28,46.000,0.6434
4.28,46.100,0.6436
4.28,46.200,0.6438
4.28,46.300,0.6440
4.28,46.400,0.6442
4.28,46.500,0.6442
4.28,46.600,0.6444
4.28,46.700,0.6445
4.28,46.800,0.6446
4.28,46.900,0.6447
4.28,47.000,0.6449
4.28,47.100,0.6440
4.28,47.200,0.6438
4.28,47.300,0.6440
4.28,47.400,0.6442
4.28,47.500,0.6444
4.28,47.600,0.6443
4.28,47.700,0.6446
4.28,47.800,0.6445
4.28,47.900,0.6447
4.28,48.000,0.6449
4.28,48.100,0.6441
4.28,48.200,0.6438
4.28,48.300,0.6440
4.28,48.400,0.6442
4.28,48.500,0.6445
4.28,48.600,0.6447
4.28,48.700,0.6449
4.28,48.800,0.6451
4.28,48.900,0.6448
4.28,49.000,0.6450
4.28,49.100,0.6452
4.28,49.200,0.6428
4.28,49.300,0.6403
4.28,49.400,0.6405
4.28,49.500,0.6405
4.28,49.600,0.6407
4.28,49.700,0.6409
4.28,49.800,0.6411
4.28,49.900,0.6413
4.28,50.000,0.6415
4.28,50.100,0.6414
4.28,50.200,0.6414
4.28,50.300,0.6416
4.28,50.400,0.6417
4.28,50.500,0.6419
4.28,50.600,0.6417
4.28,50.700,0.6419
4.28,50.800,0.6421
4.28,50.900,0.6423
4.28,51.000,0.6424
4.28,51.100,0.6425
4.28,51.200,0.6423
4.28,51.300,0.6425
4.28,51.400,0.6427
4.28,51.500,0.6429
4.28,51.600,0.6431
4.28,51.700,0.6433
4.28,51.800,0.6433
4.28,51.900,0.6435
4.28,52.000,0.6437
4.28,52.100,0.6413
4.28,52.200,0.6415
4.28,52.300,0.6414
4.28,52.400,0.6413
4.28,52.500,0.6415
4.28,52.600,0.6417
4.28,52.700,0.6420
4.28,52.800,0.6422
4.28,52.900,0.6425
4.28,53.000,0.6423
4.28,53.100,0.6425
4.28,53.200,0.6427
4.28,53.300,0.6429
4.28,53.400,0.6431
4.28,53.500,0.6433
4.28,53.600,0.6432
4.28,53.700,0.6434
4.28,53.800,0.6436
4.28,53.900,0.6438
4.28,54.000,0.6440
4.28,54.100,0.6439
4.28,54.200,0.6440
4.28,54.300,0.6442
4.28,54.400,0.6444
4.28,54.500,0.6446
4.28,54.600,0.6448
4.28,54.700,0.6448
4.28,54.800,0.6449
4.28,54.900,0.6451
4.28,55.000,0.6453
4.28,55.100,0.6455
4.28,55.200,0.6457
4.28,55.300,0.6453
4.28,55.400,0.6455
4.28,55.500,0.6456
4.28,55.600,0.6458
4.28,55.700,0.6460
4.28,55.800,0.6462
4.28,55.900,0.6461
4.28,56.000,0.6463
4.28,56.100,0.6465
4.28,56.200,0.6467
4.28,56.300,0.6469
4.28,56.400,0.6468
4.28,56.500,0.6470
4.28,56.600,0.6472
4.28,56.700,0.6474
4.28,56.800,0.6476
4.28,56.900,0.6478
4.28,57.000,0.6481
4.28,57.100,0.6478
4.28,57.200,0.6480
4.28,57.300,0.6482
4.28,57.400,0.6484
4.28,57.500,0.6486
4.28,57.600,0.6488
4.28,57.700,0.6487
4.28,57.800,0.6489
4.28,57.900,0.6491
4.28,58.000,0.6494
4.28,58.100,0.6495
4.28,58.200,0.6494
4.28,58.300,0.6496
4.28,58.400,0.6499
4.28,58.500,0.6501
4.28,58.600,0.6503
4.28,58.700,0.6505
4.28,58.800,0.6502
4.28,58.900,0.6504
4.28,59.000,0.6506
4.28,59.100,0.6508
4.28,59.200,0.6510
4.28,59.300,0.6512
4.28,59.400,0.6511
4.28,59.500,0.6513
4.28,59.600,0.6514
4.28,59.700,0.6515
4.28,59.800,0.6517
4.28,59.900,0.6518
4.28,60.000,0.6516
4.28,60.100,0.6518
4.28,60.200,0.6520
4.28,60.300,0.6522
4.28,60.400,0.6524
4.28,60.500,0.6526
4.28,60.600,0.6525
4.28,60.700,0.6527
4.28,60.800,0.6529
4.28,60.900,0.6531
4.28,61.000,0.6533
4.28,61.100,0.6532
4.28,61.200,0.6534
4.28,61.300,0.6537
4.28,61.400,0.6539
4.28,61.500,0.6536
4.28,61.600,0.6538
4.28,61.700,0.6540
4.28,61.800,0.6537
4.28,61.900,0.6539
4.28,62.000,0.6541
4.28,62.100,0.6543
4.28,62.200,0.6544
4.28,62.300,0.6546
4.28,62.400,0.6546
4.28,62.500,0.6548
4.28,62.600,0.6550
4.28,62.700,0.6551
4.28,62.800,0.6553
4.28,62.900,0.6553
4.28,63.000,0.6555
4.28,63.100,0.6557
4.28,63.200,0.6559
4.28,63.300,0.6561
4.28,63.400,0.6562
4.28,63.500,0.6515
4.28,63.600,0.6517
4.28,63.700,0.6519
4.28,63.800,0.6520
4.28,63.900,0.6522
4.28,64.000,0.6522
4.28,64.100,0.6522
4.28,64.200,0.6524
4.28,64.300,0.6526
4.28,64.400,0.6528
4.28,64.500,0.6529
4.28,64.600,0.6529
4.28,64.700,0.6531
4.28,64.800,0.6533
4.28,64.900,0.6535
4.28,65.000,0.6536
4.28,65.100,0.6538
4.28,65.200,0.6536
4.28,65.300,0.6538
4.28,65.400,0.6540
4.28,65.500,0.6542
4.28,65.600,0.6544
4.28,65.700,0.6546
4.28,65.800,0.6548
4.28,65.900,0.6547
4.28,66.000,0.6549
4.28,66.100,0.6551
4.28,66.200,0.6553
4.28,66.300,0.6555
4.28,66.400,0.6551
4.28,66.500,0.6550
4.28,66.600,0.6552
4.28,66.700,0.6554
4.28,66.800,0.6556
4.28,66.900,0.6558
4.28,67.000,0.6557
4.28,67.100,0.6559
4.28,67.200,0.6561
4.28,67.300,0.6563
4.28,67.400,0.6565
4.28,67.500,0.6567
4.28,67.600,0.6566
4.28,67.700,0.6568
4.28,67.800,0.6570
4.28,67.900,0.6572
4.28,68.000,0.6574
4.28,68.100,0.6573
4.28,68.200,0.6574
4.28,68.300,0.6572
4.28,68.400,0.6574
4.28,68.500,0.6577
4.28,68.600,0.6578
4.28,68.700,0.6578
4.28,68.800,0.6580
4.28,68.900,0.6582
4.28,69.000,0.6584
4.28,69.100,0.6586
4.28,69.200,0.6588
4.28,69.300,0.6587
4.28,69.400,0.6528
4.28,69.500,0.6531
4.28,69.600,0.6533
4.28,69.700,0.6535
4.28,69.800,0.6537
4.28,69.900,0.6539
4.28,70.000,0.6536
4.28,70.100,0.6538
4.28,70.200,0.6540
4.28,70.300,0.6542
4.28,70.400,0.6531
4.28,70.500,0.6531
4.28,70.600,0.6533
4.28,70.700,0.6535
4.28,70.800,0.6537
4.28,70.900,0.6538
4.28,71.000,0.6540
4.28,71.100,0.6538
4.28,71.200,0.6540
4.28,71.300,0.6542
4.28,71.400,0.6539
4.28,71.500,0.6541
4.28,71.600,0.6543
4.28,71.700,0.6543
4.28,71.800,0.6545
4.28,71.900,0.6546
4.28,72.000,0.6548
4.28,72.100,0.6550
4.28,72.200,0.6552
4.28,72.300,0.6552
4.28,72.400,0.6553
4.28,72.500,0.6553
4.28,72.600,0.6555
4.28,72.700,0.6557
4.28,72.800,0.6556
4.28,72.900,0.6556
4.28,73.000,0.6558
4.28,73.100,0.6560
4.28,73.200,0.6562
4.28,73.300,0.6564
4.28,73.400,0.6563
4.28,73.500,0.6504
4.28,73.600,0.6506
4.28,73.700,0.6508
4.28,73.800,0.6510
4.28,73.900,0.6512
4.28,74.000,0.6514
4.28,74.100,0.6514
4.28,74.200,0.6516
4.28,74.300,0.6518
4.28,74.400,0.6516
4.28,74.500,0.6518
4.28,74.600,0.6518
4.28,74.700,0.6517
4.28,74.800,0.6519
4.28,74.900,0.6521
4.28,75.000,0.6523
4.28,75.100,0.6525
4.28,75.200,0.6524
4.28,75.300,0.6526
4.28,75.400,0.6528
4.28,75.500,0.6530
4.28,75.600,0.6532
4.28,75.700,0.6534
4.28,75.800,0.6533
4.28,75.900,0.6536
4.28,76.000,0.6537
4.28,76.100,0.6539
4.28,76.200,0.6541
4.28,76.300,0.6540
4.28,76.400,0.6540
4.28,76.500,0.6542
4.28,76.600,0.6543
4.28,76.700,0.6545
4.28,76.800,0.6545
4.28,76.900,0.6545
4.28,77.000,0.6547
4.28,77.100,0.6549
4.28,77.200,0.6551
4.28,77.300,0.6553
4.28,77.400,0.6555
4.28,77.500,0.6552
4.28,77.600,0.6554
4.28,77.700,0.6556
4.28,77.800,0.6558
4.28,77.900,0.6560
4.28,78.000,0.6562
4.28,78.100,0.6561
4.28,78.200,0.6563
4.28,78.300,0.6565
4.28,78.400,0.6567
4.28,78.500,0.6570
4.28,78.600,0.6571
4.28,78.700,0.6571
4.28,78.800,0.6572
4.28,78.900,0.6574
4.28,79.000,0.6576
4.28,79.100,0.6578
4.28,79.200,0.6580
4.28,79.300,0.6577
4.28,79.400,0.6579
4.28,79.500,0.6581
4.28,79.600,0.6583
4.28,79.700,0.6585
4.28,79.800,0.6587
4.28,79.900,0.6586
4.28,80.000,0.6588
4.28,80.100,0.6590
4.28,80.200,0.6592
4.28,80.300,0.6594
4.28,80.400,0.6596
4.28,80.500,0.6595
4.28,80.600,0.6597
4.28,80.700,0.6599
4.28,80.800,0.6601
4.28,80.900,0.6602
4.28,81.000,0.6603
4.28,81.100,0.6600
4.28,81.200,0.6602
4.28,81.300,0.6604
4.28,81.400,0.6605
4.28,81.500,0.6607
4.28,81.600,0.6607
4.28,81.700,0.6609
4.28,81.800,0.6611
4.28,81.900,0.6612
4.28,82.000,0.6614
4.28,82.100,0.6616
4.28,82.200,0.6614
4.28,82.300,0.6616
4.28,82.400,0.6618
4.28,82.500,0.6619
4.28,82.600,0.6622
4.28,82.700,0.6624
4.28,82.800,0.6626
4.28,82.900,0.6625
4.28,83.000,0.6627
4.28,83.100,0.6629
4.28,83.200,0.6631
4.28,83.300,0.6633
4.28,83.400,0.6632
4.28,83.500,0.6634
4.28,83.600,0.6636
4.28,83.700,0.6638
4.28,83.800,0.6639
4.28,83.900,0.6641
4.28,84.000,0.6639
4.28,84.100,0.6641
4.28,84.200,0.6643
4.28,84.300,0.6645
4.28,84.400,0.6646
4.28,84.500,0.6648
4.28,84.600,0.6648
4.28,84.700,0.6650
4.28,84.800,0.6652
4.28,84.900,0.6654
4.28,85.000,0.6656
4.28,85.100,0.6655
4.28,85.200,0.6656
4.28,85.300,0.6656
4.28,85.400,0.6658
4.28,85.500,0.6660
4.28,85.600,0.6662
4.28,85.700,0.6660
4.28,85.800,0.6662
4.28,85.900,0.6664
4.28,86.000,0.6665
4.28,86.100,0.6668
4.28,86.200,0.6669
4.28,86.300,0.6668
4.28,86.400,0.6670
4.28,86.500,0.6672
4.28,86.600,0.6674
4.28,86.700,0.6676
4.28,86.800,0.6676
4.28,86.900,0.6678
4.28,87.000,0.6680
4.28,87.100,0.6682
4.28,87.200,0.6684
4.28,87.300,0.6686
4.28,87.400,0.6688
4.28,87.500,0.6685
4.28,87.600,0.6687
4.28,87.700,0.6689
4.28,87.800,0.6691
4.28,87.900,0.6693
4.28,88.000,0.6695
4.28,88.100,0.6694
4.28,88.200,0.6696
4.28,88.300,0.6698
4.28,88.400,0.6700
4.28,88.500,0.6702
4.28,88.600,0.6701
4.28,88.700,0.6704
4.28,88.800,0.6702
4.28,88.900,0.6704
4.28,89.000,0.6706
4.28,89.100,0.6708
4.28,89.200,0.6707
4.28,89.300,0.6709
4.28,89.400,0.6710
4.28,89.500,0.6712
4.28,89.600,0.6712
4.28,89.700,0.6714
4.28,89.800,0.6714
4.28,89.900,0.6716
4.28,90.000,0.6718
4.28,90.100,0.6720
4.28,90.200,0.6722
4.28,90.300,0.6723
4.28,90.400,0.6721
4.28,90.500,0.6723
4.28,90.600,0.6724
4.28,90.700,0.6726
4.28,90.800,0.6728
4.28,90.900,0.6728
4.28,91.000,0.6730
4.28,91.100,0.6732
4.28,91.200,0.6734
4.28,91.300,0.6736
4.28,91.400,0.6738
4.28,91.500,0.6739
4.28,91.600,0.6739
4.28,91.700,0.6741
4.28,91.800,0.6743
4.28,91.900,0.6744
4.28,92.000,0.6746
4.28,92.100,0.6748
4.28,92.200,0.6746
4.28,92.300,0.6748
4.28,92.400,0.6750
4.28,92.500,0.6752
4.28,92.600,0.6753
4.28,92.700,0.6755
4.28,92.800,0.6617
4.28,92.900,0.6619
4.28,93.000,0.6621
4.28,93.100,0.6623
4.28,93.200,0.6625
4.28,93.300,0.6622
4.28,93.400,0.6624
4.28,93.500,0.6626
4.28,93.600,0.6628
4.28,93.700,0.6629
4.28,93.800,0.6630
4.28,93.900,0.6629
4.28,94.000,0.6631
4.28,94.100,0.6632
4.28,94.200,0.6634
4.28,94.300,0.6636
4.28,94.400,0.6638
4.28,94.500,0.6638
4.28,94.600,0.6640
4.28,94.700,0.6641
4.28,94.800,0.6643
4.28,94.900,0.6645
4.28,95.000,0.6645
4.28,95.100,0.6644
4.28,95.200,0.6646
4.28,95.300,0.6648
4.28,95.400,0.6650
4.28,95.500,0.6652
4.28,95.600,0.6654
4.28,95.700,0.6653
4.28,95.800,0.6655
4.28,95.900,0.6657
4.28,96.000,0.6659
4.28,96.100,0.6661
4.28,96.200,0.6663
4.28,96.300,0.6662
4.28,96.400,0.6665
4.28,96.500,0.6666
4.28,96.600,0.6668
4.28,96.700,0.6670
4.28,96.800,0.6669
4.28,96.900,0.6669
4.28,97.000,0.6670
4.28,97.100,0.6672
4.28,97.200,0.6674
4.28,97.300,0.6676
4.28,97.400,0.6676
4.28,97.500,0.6677
4.28,97.600,0.6679
4.28,97.700,0.6681
4.28,97.800,0.6683
4.28,97.900,0.6685
4.28,98.000,0.6684
4.28,98.100,0.6684
4.28,98.200,0.6686
4.28,98.300,0.6688
4.28,98.400,0.6690
4.28,98.500,0.6689
4.28,98.600,0.6689
4.28,98.700,0.6691
4.28,98.800,0.6692
4.28,98.900,0.6695
4.28,99.000,0.6696
4.28,99.100,0.6696
4.28,99.200,0.6698
4.28,99.300,0.6699
4.28,99.400,0.6701
4.28,99.500,0.6703
4.28,99.600,0.6705
4.28,99.700,0.6708
4.28,99.800,0.6705
4.28,99.900,0.6707
4.28,100.000,0.6709
4.28,100.100,0.6711
4.28,100.200,0.6713
4.28,100.300,0.6714
4.28,100.400,0.6714
4.28,100.500,0.6716
4.28,100.600,0.6717
4.28,100.700,0.6719
4.28,100.800,0.6721
4.28,100.900,0.6721
4.28,101.000,0.6723
4.28,101.100,0.6724
4.28,101.200,0.6726
4.28,101.300,0.6728
4.28,101.400,0.6730
4.28,101.500,0.6733
4.28,101.600,0.6729
4.28,101.700,0.6731
4.28,101.800,0.6733
4.28,101.900,0.6735
4.28,102.000,0.6737
4.28,102.100,0.6736
4.28,102.200,0.6737
4.28,102.300,0.6739
4.28,102.400,0.6740
4.28,102.500,0.6742
4.28,102.600,0.6743
4.28,102.700,0.6743
4.28,102.800,0.6745
4.28,102.900,0.6747
4.28,103.000,0.6748
4.28,103.100,0.6750
4.28,103.200,0.6750
4.28,103.300,0.6749
4.28,103.400,0.6751
4.28,103.500,0.6753
4.28,103.600,0.6755
4.28,103.700,0.6757
4.28,103.800,0.6756
4.28,103.900,0.6759
4.28,104.000,0.6761
4.28,104.100,0.6763
4.28,104.200,0.6764
4.28,104.300,0.6766
4.28,104.400,0.6768
4.28,104.500,0.6767
4.28,104.600,0.6769
4.28,104.700,0.6771
4.28,104.800,0.6773
4.28,104.900,0.6775
4.28,105.000,0.6774
4.28,105.100,0.6774
4.28,105.200,0.6776
4.28,105.300,0.6778
4.28,105.400,0.6779
4.28,105.500,0.6781
4.28,105.600,0.6781
4.28,105.700,0.6783
4.28,105.800,0.6784
4.28,105.900,0.6786
4.28,106.000,0.6788
4.28,106.100,0.6790
4.28,106.200,0.6788
4.28,106.300,0.6789
4.28,106.400,0.6791
4.28,106.500,0.6792
4.28,106.600,0.6793
4.28,106.700,0.6794
4.28,106.800,0.6794
4.28,106.900,0.6796
4.28,107.000,0.6797
4.28,107.100,0.6799
4.28,107.200,0.6801
4.28,107.300,0.6801
4.28,107.400,0.6802
4.28,107.500,0.6804
4.28,107.600,0.6806
4.28,107.700,0.6808
4.28,107.800,0.6810
4.28,107.900,0.6807
4.28,108.000,0.6809
4.28,108.100,0.6811
4.28,108.200,0.6813
4.28,108.300,0.6815
4.28,108.400,0.6817
4.28,108.500,0.6819
4.28,108.600,0.6818
4.28,108.700,0.6820
4.28,108.800,0.6822
4.28,108.900,0.6824
4.28,109.000,0.6826
4.28,109.100,0.6825
4.28,109.200,0.6827
4.28,109.300,0.6829
4.28,109.400,0.6830
4.28,109.500,0.6832
4.28,109.600,0.6834
4.28,109.700,0.6832
4.28,109.800,0.6833
4.28,109.900,0.6835
4.28,110.000,0.6837
4.28,110.100,0.6839
4.28,110.200,0.6841
4.28,110.300,0.6840
4.28,110.400,0.6842
4.28,110.500,0.6844
4.28,110.600,0.6846
4.28,110.700,0.6848
4.28,110.800,0.6846
4.28,110.900,0.6844
4.28,111.000,0.6846
4.28,111.100,0.6848
4.28,111.200,0.6850
4.28,111.300,0.6852
4.28,111.400,0.6851
4.28,111.500,0.6853
4.28,111.600,0.6855
4.28,111.700,0.6857
4.28,111.800,0.6858
4.28,111.900,0.6860
4.28,112.000,0.6860
4.28,112.100,0.6861
4.28,112.200,0.6863
4.28,112.300,0.6865
4.28,112.400,0.6867
4.28,112.500,0.6869
4.28,112.600,0.6871
4.28,112.700,0.6869
4.28,112.800,0.6871
4.28,112.900,0.6873
4.28,113.000,0.6874
4.28,113.100,0.6836
4.28,113.200,0.6837
4.28,113.300,0.6837
4.28,113.400,0.6839
4.28,113.500,0.6841
4.28,113.600,0.6843
4.28,113.700,0.6845
4.28,113.800,0.6844
4.28,113.900,0.6846
4.28,114.000,0.6848
4.28,114.100,0.6849
4.28,114.200,0.6851
4.28,114.300,0.6854
4.28,114.400,0.6851
4.28,114.500,0.6852
4.28,114.600,0.6854
4.28,114.700,0.6856
4.28,114.800,0.6858
4.28,114.900,0.6860
4.28,115.000,0.6858
4.28,115.100,0.6860
4.28,115.200,0.6861
4.28,115.300,0.6862
4.28,115.400,0.6864
4.28,115.500,0.6864
4.28,115.600,0.6866
4.28,115.700,0.6868
4.28,115.800,0.6869
4.28,115.900,0.6871
4.28,116.000,0.6873
4.28,116.100,0.6871
4.28,116.200,0.6873
4.28,116.300,0.6874
4.28,116.400,0.6876
4.28,116.500,0.6878
4.28,116.600,0.6880
4.28,116.700,0.6883
4.28,116.800,0.6882
4.28,116.900,0.6885
4.28,117.000,0.6886
4.28,117.100,0.6888
4.28,117.200,0.6889
4.28,117.300,0.6889
4.28,117.400,0.6888
4.28,117.500,0.6890
4.28,117.600,0.6892
4.28,117.700,0.6894
4.28,117.800,0.6896
4.28,117.900,0.6895
4.28,118.000,0.6897
4.28,118.100,0.6899
4.28,118.200,0.6901
4.28,118.300,0.6902
4.28,118.400,0.6904
4.28,118.500,0.6904
4.28,118.600,0.6906
4.28,118.700,0.6907
4.28,118.800,0.6909
4.28,118.900,0.6911
4.28,119.000,0.6911
4.28,119.100,0.6910
4.28,119.200,0.6912
4.28,119.300,0.6913
4.28,119.400,0.6914
4.28,119.500,0.6915
4.28,119.600,0.6915
4.28,119.700,0.6916
4.28,119.800,0.6918
4.28,119.900,0.6920
4.28,120.000,0.6922
4.28,120.100,0.6924
4.28,120.200,0.6924
4.28,120.300,0.6926
4.28,120.400,0.6927
4.28,120.500,0.6929
4.28,120.600,0.6931
4.28,120.700,0.6933
4.28,120.800,0.6931
4.28,120.900,0.6932
4.28,121.000,0.6935
4.28,121.100,0.6937
4.28,121.200,0.6938
4.28,121.300,0.6940
4.28,121.400,0.6940
4.28,121.500,0.6941
4.28,121.600,0.6943
4.28,121.700,0.6945
4.28,121.800,0.6947
4.28,121.900,0.6949
4.28,122.000,0.6951
4.28,122.100,0.6948
4.28,122.200,0.6950
4.28,122.300,0.6951
4.28,122.400,0.6953
4.28,122.500,0.6955
4.28,122.600,0.6954
4.28,122.700,0.6956
4.28,122.800,0.6958
4.28,122.900,0.6960
4.28,123.000,0.6962
4.28,123.100,0.6964
4.28,123.200,0.6959
4.28,123.300,0.6963
4.28,123.400,0.6966
4.28,123.500,0.6965
4.28,123.600,0.6968
4.28,123.700,0.6965
4.28,123.800,0.6965
4.42,0.100,0.6400
4.42,0.200,0.6400
4.42,0.300,0.6400
4.42,0.400,0.6400
4.42,0.500,0.6400
4.42,0.600,0.6400
4.42,0.700,0.6400
4.42,0.800,0.6400
4.42,0.900,0.6400
4.42,1.000,0.6400
4.42,1.100,0.6400
4.42,1.200,0.6400
4.42,1.300,0.6400
4.42,1.400,0.6400
4.42,1.500,0.6400
4.42,1.600,0.6400
4.42,1.700,0.6400
4.42,1.800,0.6400
4.42,1.900,0.6400
4.42,2.000,0.6400
4.42,2.100,0.6400
4.42,2.200,0.6400
4.42,2.300,0.6400
4.42,2.400,0.6400
4.42,2.500,0.6400
4.42,2.600,0.6400
4.42,2.700,0.6400
4.42,2.800,0.6400
4.42,2.900,0.6400
4.42,3.000,0.6400
4.42,3.100,0.6400
4.42,3.200,0.6400
4.42,3.300,0.6400
4.42,3.400,0.6400
4.42,3.500,0.6400
4.42,3.600,0.6400
4.42,3.700,0.6400
4.42,3.800,0.6400
4.42,3.900,0.6400
4.42,4.000,0.6400
4.42,4.100,0.6400
4.42,4.200,0.6400
4.42,4.300,0.6400
4.42,4.400,0.6400
4.42,4.500,0.6400
4.42,4.600,0.6400
4.42,4.700,0.6400
4.42,4.800,0.6400
4.42,4.900,0.6400
4.42,5.000,0.6400
4.42,5.100,0.6400
4.42,5.200,0.6400
4.42,5.300,0.6400
4.42,5.400,0.6400
4.42,5.500,0.6400
4.42,5.600,0.6400
4.42,5.700,0.6400
4.42,5.800,0.6400
4.42,5.900,0.6400
4.42,6.000,0.6400
4.42,6.100,0.6400
4.42,6.200,0.6400
4.42,6.300,0.6400
4.42,6.400,0.6400
4.42,6.500,0.6400
4.42,6.600,0.6400
4.42,6.700,0.6400
4.42,6.800,0.6400
4.42,6.900,0.6400
4.42,7.000,0.6400
4.42,7.100,0.6400
4.42,7.200,0.6400
4.42,7.300,0.6400
4.42,7.400,0.6400
4.42,7.500,0.6400
4.42,7.600,0.6400
4.42,7.700,0.6400
4.42,7.800,0.6400
4.42,7.900,0.6400
4.42,8.000,0.6400
4.42,8.100,0.6400
4.42,8.200,0.6400
4.42,8.300,0.6400
4.42,8.400,0.6400
4.42,8.500,0.6400
4.42,8.600,0.6400
4.42,8.700,0.6400
4.42,8.800,0.6400
4.42,8.900,0.6400
4.42,9.000,0.6400
4.42,9.100,0.6400
4.42,9.200,0.6400
4.42,9.300,0.6402
4.42,9.400,0.6404
4.42,9.500,0.6406
4.42,9.600,0.6413
4.42,9.700,0.6401
4.42,9.800,0.6403
4.42,9.900,0.6403
4.42,10.000,0.6404
4.42,10.100,0.6405
4.42,10.200,0.6405
4.42,10.300,0.6407
4.42,10.400,0.6407
4.42,10.500,0.6410
4.42,10.600,0.6410
4.42,10.700,0.6412
4.42,10.800,0.6402
4.42,10.900,0.6403
4.42,11.000,0.6407
4.42,11.100,0.6405
4.42,11.200,0.6407
4.42,11.300,0.6408
4.42,11.400,0.6405
4.42,11.500,0.6405
4.42,11.600,0.6403
4.42,11.700,0.6405
4.42,11.800,0.6406
4.42,11.900,0.6408
4.42,12.000,0.6406
4.42,12.100,0.6404
4.42,12.200,0.6405
4.42,12.300,0.6405
4.42,12.400,0.6402
4.42,12.500,0.6405
4.42,12.600,0.6406
4.42,12.700,0.6404
4.42,12.800,0.6403
4.42,12.900,0.6401
4.42,13.000,0.6400
4.42,13.100,0.6400
4.42,13.200,0.6404
4.42,13.300,0.6407
4.42,13.400,0.6407
4.42,13.500,0.6404
4.42,13.600,0.6405
4.42,13.700,0.6406
4.42,13.800,0.6403
4.42,13.900,0.6403
4.42,14.000,0.6401
4.42,14.100,0.6401
4.42,14.200,0.6402
4.42,14.300,0.6401
4.42,14.400,0.6403
4.42,14.500,0.6400
4.42,14.600,0.6400
4.42,14.700,0.6400
4.42,14.800,0.6402
4.42,14.900,0.6402
4.42,15.000,0.6402
4.42,15.100,0.6402
4.42,15.200,0.6402
4.42,15.300,0.6403
4.42,15.400,0.6402
4.42,15.500,0.6402
4.42,15.600,0.6403
4.42,15.700,0.6402
4.42,15.800,0.6404
4.42,15.900,0.6404
4.42,16.000,0.6403
4.42,16.100,0.6402
4.42,16.200,0.6402
4.42,16.300,0.6403
4.42,16.400,0.6404
4.42,16.500,0.6402
4.42,16.600,0.6402
4.42,16.700,0.6403
4.42,16.800,0.6402
4.42,16.900,0.6402
4.42,17.000,0.6402
4.42,17.100,0.6400
4.42,17.200,0.6400
4.42,17.300,0.6400
4.42,17.400,0.6400
4.42,17.500,0.6400
4.42,17.600,0.6400
4.42,17.700,0.6400
4.42,17.800,0.6400
4.42,17.900,0.6400
4.42,18.000,0.6401
4.42,18.100,0.6400
4.42,18.200,0.6400
4.42,18.300,0.6400
4.42,18.400,0.6400
4.42,18.500,0.6400
4.42,18.600,0.6400
4.42,18.700,0.6400
4.42,18.800,0.6401
4.42,18.900,0.6400
4.42,19.000,0.6401
4.42,19.100,0.6403
4.42,19.200,0.6402
4.42,19.300,0.6403
4.42,19.400,0.6403
4.42,19.500,0.6402
4.42,19.600,0.6404
4.42,19.700,0.6405
4.42,19.800,0.6403
4.42,19.900,0.6404
4.42,20.000,0.6402
4.42,20.100,0.6402
4.42,20.200,0.6402
4.42,20.300,0.6402
4.42,20.400,0.6402
4.42,20.500,0.6402
4.42,20.600,0.6402
4.42,20.700,0.6402
4.42,20.800,0.6402
4.42,20.900,0.6402
4.42,21.000,0.6403
4.42,21.100,0.6402
4.42,21.200,0.6401
4.42,21.300,0.6400
4.42,21.400,0.6400
4.42,21.500,0.6400
4.42,21.600,0.6401
4.42,21.700,0.6400
4.42,21.800,0.6400
4.42,21.900,0.6400
4.42,22.000,0.6400
4.42,22.100,0.6402
4.42,22.200,0.6400
4.42,22.300,0.6400
4.42,22.400,0.6400
4.42,22.500,0.6401
4.42,22.600,0.6401
4.42,22.700,0.6400
4.42,22.800,0.6401
4.42,22.900,0.6401
4.42,23.000,0.6400
4.42,23.100,0.6401
4.42,23.200,0.6400
4.42,23.300,0.6402
4.42,23.400,0.6402
4.42,23.500,0.6402
4.42,23.600,0.6402
4.42,23.700,0.6403
4.42,23.800,0.6404
4.42,23.900,0.6402
4.42,24.000,0.6402
4.42,24.100,0.6402
4.42,24.200,0.6402
4.42,24.300,0.6402
4.42,24.400,0.6402
4.42,24.500,0.6402
4.42,24.600,0.6402
4.42,24.700,0.6404
4.42,24.800,0.6403
4.42,24.900,0.6402
4.42,25.000,0.6404
4.42,25.100,0.6405
4.42,25.200,0.6402
4.42,25.300,0.6402
4.42,25.400,0.6402
4.42,25.500,0.6402
4.42,25.600,0.6400
4.42,25.700,0.6401
4.42,25.800,0.6404
4.42,25.900,0.6404
4.42,26.000,0.6401
4.42,26.100,0.6401
4.42,26.200,0.6401
4.42,26.300,0.6400
4.42,26.400,0.6400
4.42,26.500,0.6400
4.42,26.600,0.6400
4.42,26.700,0.6402
4.42,26.800,0.6401
4.42,26.900,0.6401
4.42,27.000,0.6400
4.42,27.100,0.6400
4.42,27.200,0.6402
4.42,27.300,0.6400
4.42,27.400,0.6400
4.42,27.500,0.6401
4.42,27.600,0.6404
4.42,27.700,0.6402
4.42,27.800,0.6403
4.42,27.900,0.6402
4.42,28.000,0.6403
4.42,28.100,0.6404
4.42,28.200,0.6402
4.42,28.300,0.6402
4.42,28.400,0.6402
4.42,28.500,0.6402
4.42,28.600,0.6402
4.42,28.700,0.6402
4.42,28.800,0.6402
4.42,28.900,0.6403
4.42,29.000,0.6402
4.42,29.100,0.6403
4.42,29.200,0.6405
4.42,29.300,0.6402
4.42,29.400,0.6402
4.42,29.500,0.6403
4.42,29.600,0.6402
4.42,29.700,0.6403
4.42,29.800,0.6404
4.42,29.900,0.6400
4.42,30.000,0.6400
4.42,30.100,0.6402
4.42,30.200,0.6403
4.42,30.300,0.6400
4.42,30.400,0.6400
4.42,30.500,0.6400
4.42,30.600,0.6400
4.42,30.700,0.6400
4.42,30.800,0.6400
4.42,30.900,0.6400
4.42,31.000,0.6402
4.42,31.100,0.6401
4.42,31.200,0.6400
4.42,31.300,0.6400
4.42,31.400,0.6400
4.42,31.500,0.6401
4.42,31.600,0.6401
4.42,31.700,0.6400
4.42,31.800,0.6401
4.42,31.900,0.6402
4.42,32.000,0.6402
4.42,32.100,0.6406
4.42,32.200,0.6406
4.42,32.300,0.6403
4.42,32.400,0.6405
4.42,32.500,0.6402
4.42,32.600,0.6402
4.42,32.700,0.6403
4.42,32.800,0.6402
4.42,32.900,0.6402
4.42,33.000,0.6402
4.42,33.100,0.6402
4.42,33.200,0.6403
4.42,33.300,0.6402
4.42,33.400,0.6402
4.42,33.500,0.6403
4.42,33.600,0.6402
4.42,33.700,0.6402
4.42,33.800,0.6402
4.42,33.900,0.6402
4.42,34.000,0.6402
4.42,34.100,0.6400
4.42,34.200,0.6400
4.42,34.300,0.6401
4.42,34.400,0.6400
4.42,34.500,0.6400
4.42,34.600,0.6401
4.42,34.700,0.6400
4.42,34.800,0.6400
4.42,34.900,0.6402
4.42,35.000,0.6400
4.42,35.100,0.6400
4.42,35.200,0.6400
4.42,35.300,0.6401
4.42,35.400,0.6403
4.42,35.500,0.6400
4.42,35.600,0.6400
4.42,35.700,0.6400
4.42,35.800,0.6400
4.42,35.900,0.6400
4.42,36.000,0.6400
4.42,36.100,0.6402
4.42,36.200,0.6402
4.42,36.300,0.6402
4.42,36.400,0.6402
4.42,36.500,0.6402
4.42,36.600,0.6402
4.42,36.700,0.6402
4.42,36.800,0.6402
4.42,36.900,0.6402
4.42,37.000,0.6403
4.42,37.100,0.6402
4.42,37.200,0.6402
4.42,37.300,0.6402
4.42,37.400,0.6402
4.42,37.500,0.6404
4.42,37.600,0.6402
4.42,37.700,0.6402
4.42,37.800,0.6402
4.42,37.900,0.6403
4.42,38.000,0.6402
4.42,38.100,0.6403
4.42,38.200,0.6401
4.42,38.300,0.6403
4.42,38.400,0.6401
4.42,38.500,0.6400
4.42,38.600,0.6400
4.42,38.700,0.6401
4.42,38.800,0.6400
4.42,38.900,0.6400
4.42,39.000,0.6400
4.42,39.100,0.6401
4.42,39.200,0.6401
4.42,39.300,0.6400
4.42,39.400,0.6401
4.42,39.500,0.6400
4.42,39.600,0.6400
4.42,39.700,0.6400
4.42,39.800,0.6400
4.42,39.900,0.6400
4.42,40.000,0.6402
4.42,40.100,0.6400
4.42,40.200,0.6400
4.42,40.300,0.6400
4.42,40.400,0.6402
4.42,40.500,0.6403
4.42,40.600,0.6405
4.42,40.700,0.6402
4.42,40.800,0.6403
4.42,40.900,0.6403
4.42,41.000,0.6402
4.42,41.100,0.6402
4.42,41.200,0.6402
4.42,41.300,0.6402
4.42,41.400,0.6402
4.42,41.500,0.6402
4.42,41.600,0.6402
4.42,41.700,0.6403
4.42,41.800,0.6402
4.42,41.900,0.6402
4.42,42.000,0.6402
4.42,42.100,0.6402
4.42,42.200,0.6402
4.42,42.300,0.6402
4.42,42.400,0.6402
4.42,42.500,0.6402
4.42,42.600,0.6402
4.42,42.700,0.6400
4.42,42.800,0.6400
4.42,42.900,0.6400
4.42,43.000,0.6401
4.42,43.100,0.6400
4.42,43.200,0.6400
4.42,43.300,0.6400
4.42,43.400,0.6400
4.42,43.500,0.6400
4.42,43.600,0.6400
4.42,43.700,0.6401
4.42,43.800,0.6401
4.42,43.900,0.6400
4.42,44.000,0.6400
4.42,44.100,0.6400
4.42,44.200,0.6400
4.42,44.300,0.6400
4.42,44.400,0.6400
4.42,44.500,0.6400
4.42,44.600,0.6401
4.42,44.700,0.6402
4.42,44.800,0.6402
4.42,44.900,0.6402
4.42,45.000,0.6402
4.42,45.100,0.6402
4.42,45.200,0.6404
4.42,45.300,0.6402
4.42,45.400,0.6402
4.42,45.500,0.6402
4.42,45.600,0.6402
4.42,45.700,0.6403
4.42,45.800,0.6402
4.42,45.900,0.6402
4.42,46.000,0.6403
4.42,46.100,0.6402
4.42,46.200,0.6402
4.42,46.300,0.6402
4.42,46.400,0.6402
4.42,46.500,0.6402
4.42,46.600,0.6402
4.42,46.700,0.6402
4.42,46.800,0.6401
4.42,46.900,0.6400
4.42,47.000,0.6400
4.42,47.100,0.6400
4.42,47.200,0.6400
4.42,47.300,0.6401
4.42,47.400,0.6400
4.42,47.500,0.6401
4.42,47.600,0.6401
4.42,47.700,0.6403
4.42,47.800,0.6401
4.42,47.900,0.6402
4.42,48.000,0.6400
4.42,48.100,0.6400
4.42,48.200,0.6400
4.42,48.300,0.6400
4.42,48.400,0.6401
4.42,48.500,0.6400
4.42,48.600,0.6401
4.42,48.700,0.6402
4.42,48.800,0.6400
4.42,48.900,0.6402
4.42,49.000,0.6402
4.42,49.100,0.6402
4.42,49.200,0.6402
4.42,49.300,0.6402
4.42,49.400,0.6402
4.42,49.500,0.6402
4.42,49.600,0.6402
4.42,49.700,0.6402
4.42,49.800,0.6402
4.42,49.900,0.6402
4.42,50.000,0.6402
4.42,50.100,0.6402
4.42,50.200,0.6402
4.42,50.300,0.6404
4.42,50.400,0.6405
4.42,50.500,0.6402
4.42,50.600,0.6402
4.42,50.700,0.6402
4.42,50.800,0.6402
4.42,50.900,0.6402
4.42,51.000,0.6401
4.42,51.100,0.6402
4.42,51.200,0.6400
4.42,51.300,0.6400
4.42,51.400,0.6400
4.42,51.500,0.6400
4.42,51.600,0.6400
4.42,51.700,0.6400
4.42,51.800,0.6400
4.42,51.900,0.6400
4.42,52.000,0.6400
4.42,52.100,0.6400
4.42,52.200,0.6400
4.42,52.300,0.6400
4.42,52.400,0.6400
4.42,52.500,0.6400
4.42,52.600,0.6400
4.42,52.700,0.6400
4.42,52.800,0.6402
4.42,52.900,0.6400
4.42,53.000,0.6400
4.42,53.100,0.6402
4.42,53.200,0.6402
4.42,53.300,0.6403
4.42,53.400,0.6403
4.42,53.500,0.6402
4.42,53.600,0.6403
4.42,53.700,0.6402
4.42,53.800,0.6403
4.42,53.900,0.6403
4.42,54.000,0.6402
4.42,54.100,0.6403
4.42,54.200,0.6403
4.42,54.300,0.6402
4.42,54.400,0.6402
4.42,54.500,0.6403
4.42,54.600,0.6402
4.42,54.700,0.6402
4.42,54.800,0.6402
4.42,54.900,0.6402
4.42,55.000,0.6402
4.42,55.100,0.6402
4.42,55.200,0.6402
4.42,55.300,0.6401
4.42,55.400,0.6402
4.42,55.500,0.6403
4.42,55.600,0.6400
4.42,55.700,0.6401
4.42,55.800,0.6403
4.42,55.900,0.6400
4.42,56.000,0.6400
4.42,56.100,0.6400
4.42,56.200,0.6400
4.42,56.300,0.6400
4.42,56.400,0.6400
4.42,56.500,0.6400
4.42,56.600,0.6400
4.42,56.700,0.6400
4.42,56.800,0.6400
4.42,56.900,0.6400
4.42,57.000,0.6400
4.42,57.100,0.6400
4.42,57.200,0.6400
4.42,57.300,0.6401
4.42,57.400,0.6403
4.42,57.500,0.6402
4.42,57.600,0.6402
4.42,57.700,0.6402
4.42,57.800,0.6402
4.42,57.900,0.6403
4.42,58.000,0.6405
4.42,58.100,0.6402
4.42,58.200,0.6402
4.42,58.300,0.6402
4.42,58.400,0.6402
4.42,58.500,0.6402
4.42,58.600,0.6402
4.42,58.700,0.6402
4.42,58.800,0.6402
4.42,58.900,0.6402
4.42,59.000,0.6403
4.42,59.100,0.6403
4.42,59.200,0.6402
4.42,59.300,0.6402
4.42,59.400,0.6402
4.42,59.500,0.6402
4.42,59.600,0.6401
4.42,59.700,0.6400
4.42,59.800,0.6401
4.42,59.900,0.6402
4.42,60.000,0.6400
4.42,60.100,0.6400
4.42,60.200,0.6400
4.42,60.300,0.6400
4.42,60.400,0.6400
4.42,60.500,0.6402
4.42,60.600,0.6400
4.42,60.700,0.6400
4.42,60.800,0.6400
4.42,60.900,0.6400
4.42,61.000,0.6400
4.42,61.100,0.6401
4.42,61.200,0.6401
4.42,61.300,0.6400
4.42,61.400,0.6400
4.42,61.500,0.6400
4.42,61.600,0.6400
4.42,61.700,0.6402
4.42,61.800,0.6403
4.42,61.900,0.6402
4.42,62.000,0.6402
4.42,62.100,0.6402
4.42,62.200,0.6402
4.42,62.300,0.6402
4.42,62.400,0.6402
4.42,62.500,0.6402
4.42,62.600,0.6403
4.42,62.700,0.6402
4.42,62.800,0.6402
4.42,62.900,0.6402
4.42,63.000,0.6402
4.42,63.100,0.6404
4.42,63.200,0.6402
4.42,63.300,0.6402
4.42,63.400,0.6402
4.42,63.500,0.6402
4.42,63.600,0.6403
4.42,63.700,0.6403
4.42,63.800,0.6401
4.42,63.900,0.6401
4.42,64.000,0.6400
4.42,64.100,0.6401
4.42,64.200,0.6401
4.42,64.300,0.6400
4.42,64.400,0.6400
4.42,64.500,0.6400
4.42,64.600,0.6400
4.42,64.700,0.6400
4.42,64.800,0.6400
4.42,64.900,0.6401
4.42,65.000,0.6401
4.42,65.100,0.6400
4.42,65.200,0.6401
4.42,65.300,0.6400
4.42,65.400,0.6400
4.42,65.500,0.6400
4.42,65.600,0.6402
4.42,65.700,0.6400
4.42,65.800,0.6400
4.42,65.900,0.6400
4.42,66.000,0.6402
4.42,66.100,0.6403
4.42,66.200,0.6402
4.42,66.300,0.6402
4.42,66.400,0.6402
4.42,66.500,0.6402
4.42,66.600,0.6403
4.42,66.700,0.6405
4.42,66.800,0.6402
4.42,66.900,0.6402
4.42,67.000,0.6403
4.42,67.100,0.6402
4.42,67.200,0.6402
4.42,67.300,0.6402
4.42,67.400,0.6403
4.42,67.500,0.6403
4.42,67.600,0.6402
4.42,67.700,0.6402
4.42,67.800,0.6402
4.42,67.900,0.6402
4.42,68.000,0.6402
4.42,68.100,0.6402
4.42,68.200,0.6402
4.42,68.300,0.6401
4.42,68.400,0.6400
4.42,68.500,0.6400
4.42,68.600,0.6400
4.42,68.700,0.6400
4.42,68.800,0.6400
4.42,68.900,0.6400
4.42,69.000,0.6400
4.42,69.100,0.6400
4.42,69.200,0.6400
4.42,69.300,0.6400
4.42,69.400,0.6400
4.42,69.500,0.6400
4.42,69.600,0.6400
4.42,69.700,0.6400
4.42,69.800,0.6400
4.42,69.900,0.6400
4.42,70.000,0.6400
4.42,70.100,0.6400
4.42,70.200,0.6401
4.42,70.300,0.6402
4.42,70.400,0.6402
4.42,70.500,0.6402
4.42,70.600,0.6402
4.42,70.700,0.6403
4.42,70.800,0.6405
4.42,70.900,0.6402
4.42,71.000,0.6402
4.42,71.100,0.6402
4.42,71.200,0.6402
4.42,71.300,0.6403
4.42,71.400,0.6402
4.42,71.500,0.6402
4.42,71.600,0.6402
4.42,71.700,0.6402
4.42,71.800,0.6402
4.42,71.900,0.6402
4.42,72.000,0.6402
4.42,72.100,0.6403
4.42,72.200,0.6402
4.42,72.300,0.6402
4.42,72.400,0.6403
4.42,72.500,0.6400
4.42,72.600,0.6400
4.42,72.700,0.6400
4.42,72.800,0.6400
4.42,72.900,0.6400
4.42,73.000,0.6400
4.42,73.100,0.6400
4.42,73.200,0.6400
4.42,73.300,0.6402
4.42,73.400,0.6401
4.42,73.500,0.6400
4.42,73.600,0.6400
4.42,73.700,0.6400
4.42,73.800,0.6400
4.42,73.900,0.6400
4.42,74.000,0.6400
4.42,74.100,0.6400
4.42,74.200,0.6400
4.42,74.300,0.6400
4.42,74.400,0.6400
4.42,74.500,0.6402
4.42,74.600,0.6402
4.42,74.700,0.6402
4.42,74.800,0.6402
4.42,74.900,0.6402
4.42,75.000,0.6402
4.42,75.100,0.6402
4.42,75.200,0.6402
4.42,75.300,0.6402
4.42,75.400,0.6402
4.42,75.500,0.6402
4.42,75.600,0.6403
4.42,75.700,0.6402
4.42,75.800,0.6403
4.42,75.900,0.6405
4.42,76.000,0.6402
4.42,76.100,0.6402
4.42,76.200,0.6402
4.42,76.300,0.6402
4.42,76.400,0.6402
4.42,76.500,0.6402
4.42,76.600,0.6403
4.42,76.700,0.6403
4.42,76.800,0.6400
4.42,76.900,0.6400
4.42,77.000,0.6401
4.42,77.100,0.6400
4.42,77.200,0.6400
4.42,77.300,0.6400
4.42,77.400,0.6400
4.42,77.500,0.6400
4.42,77.600,0.6400
4.42,77.700,0.6400
4.42,77.800,0.6400
4.42,77.900,0.6400
4.42,78.000,0.6400
4.42,78.100,0.6400
4.42,78.200,0.6401
4.42,78.300,0.6401
4.42,78.400,0.6403
4.42,78.500,0.6400
4.42,78.600,0.6400
4.42,78.700,0.6401
4.42,78.800,0.6403
4.42,78.900,0.6403
4.42,79.000,0.6402
4.42,79.100,0.6402
4.42,79.200,0.6402
4.42,79.300,0.6402
4.42,79.400,0.6402
4.42,79.500,0.6403
4.42,79.600,0.6402
4.42,79.700,0.6402
4.42,79.800,0.6402
4.42,79.900,0.6402
4.42,80.000,0.6403
4.42,80.100,0.6402
4.42,80.200,0.6402
4.42,80.300,0.6402
4.42,80.400,0.6402
4.42,80.500,0.6402
4.42,80.600,0.6402
4.42,80.700,0.6403
4.42,80.800,0.6405
4.42,80.900,0.6401
4.42,81.000,0.6402
4.42,81.100,0.6400
4.42,81.200,0.6400
4.42,81.300,0.6400
4.42,81.400,0.6400
4.42,81.500,0.6400
4.42,81.600,0.6400
4.42,81.700,0.6400
4.42,81.800,0.6400
4.42,81.900,0.6400
4.42,82.000,0.6400
4.42,82.100,0.6401
4.42,82.200,0.6400
4.42,82.300,0.6401
4.42,82.400,0.6400
4.42,82.500,0.6401
4.42,82.600,0.6401
4.42,82.700,0.6400
4.42,82.800,0.6400
4.42,82.900,0.6401
4.42,83.000,0.6403
4.42,83.100,0.6402
4.42,83.200,0.6402
4.42,83.300,0.6402
4.42,83.400,0.6402
4.42,83.500,0.6402
4.42,83.600,0.6404
4.42,83.700,0.6402
4.42,83.800,0.6402
4.42,83.900,0.6402
4.42,84.000,0.6403
4.42,84.100,0.6403
4.42,84.200,0.6402
4.42,84.300,0.6403
4.42,84.400,0.6402
4.42,84.500,0.6403
4.42,84.600,0.6403
4.42,84.700,0.6402
4.42,84.800,0.6402
4.42,84.900,0.6402
4.42,85.000,0.6402
4.42,85.100,0.6402
4.42,85.200,0.6401
4.42,85.300,0.6400
4.42,85.400,0.6400
4.42,85.500,0.6400
4.42,85.600,0.6400
4.42,85.700,0.6400
4.42,85.800,0.6401
4.42,85.900,0.6401
4.42,86.000,0.6400
4.42,86.100,0.6402
4.42,86.200,0.6401
4.42,86.300,0.6400
4.42,86.400,0.6401
4.42,86.500,0.6400
4.42,86.600,0.6400
4.42,86.700,0.6400
4.42,86.800,0.6400
4.42,86.900,0.6400
4.42,87.000,0.6400
4.42,87.100,0.6400
4.42,87.200,0.6400
4.42,87.300,0.6402
4.42,87.400,0.6402
4.42,87.500,0.6402
4.42,87.600,0.6403
4.42,87.700,0.6402
4.42,87.800,0.6402
4.42,87.900,0.6403
4.42,88.000,0.6402
4.42,88.100,0.6402
4.42,88.200,0.6402
4.42,88.300,0.6402
4.42,88.400,0.6402
4.42,88.500,0.6402
4.42,88.600,0.6402
4.42,88.700,0.6404
4.42,88.800,0.6402
4.42,88.900,0.6402
4.42,89.000,0.6402
4.42,89.100,0.6402
4.42,89.200,0.6402
4.42,89.300,0.6402
4.42,89.400,0.6403
4.42,89.500,0.6403
4.42,89.600,0.6400
4.42,89.700,0.6400
4.42,89.800,0.6400
4.42,89.900,0.6400
4.42,90.000,0.6400
4.42,90.100,0.6400
4.42,90.200,0.6400
4.42,90.300,0.6400
4.42,90.400,0.6401
4.42,90.500,0.6401
4.42,90.600,0.6400
4.42,90.700,0.6400
4.42,90.800,0.6400
4.42,90.900,0.6400
4.42,91.000,0.6400
4.42,91.100,0.6400
4.42,91.200,0.6402
4.42,91.300,0.6401
4.42,91.400,0.6400
4.42,91.500,0.6402
4.42,91.600,0.6402
4.42,91.700,0.6404
4.42,91.800,0.6402
4.42,91.900,0.6402
4.42,92.000,0.6402
4.42,92.100,0.6402
4.42,92.200,0.6403
4.42,92.300,0.6402
4.42,92.400,0.6402
4.42,92.500,0.6403
4.42,92.600,0.6402
4.42,92.700,0.6403
4.42,92.800,0.6403
4.42,92.900,0.6402
4.42,93.000,0.6403
4.42,93.100,0.6402
4.42,93.200,0.6402
4.42,93.300,0.6402
4.42,93.400,0.6402
4.42,93.500,0.6402
4.42,93.600,0.6402
4.42,93.700,0.6402
4.42,93.800,0.6402
4.42,93.900,0.6400
4.42,94.000,0.6401
4.42,94.100,0.6403
4.42,94.200,0.6400
4.42,94.300,0.6400
4.42,94.400,0.6400
4.42,94.500,0.6400
4.42,94.600,0.6400
4.42,94.700,0.6400
4.42,94.800,0.6400
4.42,94.900,0.6400
4.42,95.000,0.6400
4.42,95.100,0.6400
4.42,95.200,0.6400
4.42,95.300,0.6400
4.42,95.400,0.6400
4.42,95.500,0.6400
4.42,95.600,0.6400
4.42,95.700,0.6401
4.42,95.800,0.6403
4.42,95.900,0.6402
4.42,96.000,0.6402
4.42,96.100,0.6402
4.42,96.200,0.6402
4.42,96.300,0.6402
4.42,96.400,0.6404
4.42,96.500,0.6402
4.42,96.600,0.6402
4.42,96.700,0.6402
4.42,96.800,0.6402
4.42,96.900,0.6402
4.42,97.000,0.6402
4.42,97.100,0.6402
4.42,97.200,0.6402
4.42,97.300,0.6402
4.42,97.400,0.6402
4.42,97.500,0.6402
4.42,97.600,0.6402
4.42,97.700,0.6402
4.42,97.800,0.6403
4.42,97.900,0.6403
4.42,98.000,0.6401
4.42,98.100,0.6400
4.42,98.200,0.6400
4.42,98.300,0.6401
4.42,98.400,0.6401
4.42,98.500,0.6400
4.42,98.600,0.6400
4.42,98.700,0.6400
4.42,98.800,0.6400
4.42,98.900,0.6402
4.42,99.000,0.6400
4.42,99.100,0.6401
4.42,99.200,0.6403
4.42,99.300,0.6400
4.42,99.400,0.6401
4.42,99.500,0.6401
4.42,99.600,0.6400
4.42,99.700,0.6400
4.42,99.800,0.6400
4.42,99.900,0.6400
4.42,100.000,0.6400
4.42,100.100,0.6402
4.42,100.200,0.6402
4.42,100.300,0.6403
4.42,100.400,0.6404
4.42,100.500,0.6402
4.42,100.600,0.6403
4.42,100.700,0.6405
4.42,100.800,0.6403
4.42,100.900,0.6403
4.42,101.000,0.6402
4.42,101.100,0.6402
4.42,101.200,0.6402
4.42,101.300,0.6402
4.42,101.400,0.6403
4.42,101.500,0.6405
4.42,101.600,0.6403
4.42,101.700,0.6403
4.42,101.800,0.6402
4.42,101.900,0.6402
4.42,102.000,0.6402
4.42,102.100,0.6402
4.42,102.200,0.6401
4.42,102.300,0.6402
4.42,102.400,0.6400
4.42,102.500,0.6400
4.42,102.600,0.6400
4.42,102.700,0.6401
4.42,102.800,0.6401
4.42,102.900,0.6400
4.42,103.000,0.6400
4.42,103.100,0.6400
4.42,103.200,0.6400
4.42,103.300,0.6400
4.42,103.400,0.6400
4.42,103.500,0.6400
4.42,103.600,0.6400
4.42,103.700,0.6400
4.42,103.800,0.6400
4.42,103.900,0.6400
4.42,104.000,0.6402
4.42,104.100,0.6401
4.42,104.200,0.6400
4.42,104.300,0.6401
4.42,104.400,0.6402
4.42,104.500,0.6402
4.42,104.600,0.6402
4.42,104.700,0.6402
4.42,104.800,0.6402
4.42,104.900,0.6402
4.42,105.000,0.6403
4.42,105.100,0.6402
4.42,105.200,0.6402
4.42,105.300,0.6402
4.42,105.400,0.6402
4.42,105.500,0.6403
4.42,105.600,0.6402
4.42,105.700,0.6403
4.42,105.800,0.6405
4.42,105.900,0.6403
4.42,106.000,0.6403
4.42,106.100,0.6402
4.42,106.200,0.6403
4.42,106.300,0.6403
4.42,106.400,0.6402
4.42,106.500,0.6402
4.42,106.600,0.6402
4.42,106.700,0.6400
4.42,106.800,0.6400
4.42,106.900,0.6400
4.42,107.000,0.6400
4.42,107.100,0.6400
4.42,107.200,0.6400
4.42,107.300,0.6401
4.42,107.400,0.6401
4.42,107.500,0.6400
4.42,107.600,0.6400
4.42,107.700,0.6400
4.42,107.800,0.6400
4.42,107.900,0.6400
4.42,108.000,0.6400
4.42,108.100,0.6401
4.42,108.200,0.6401
4.42,108.300,0.6400
4.42,108.400,0.6400
4.42,108.500,0.6400
4.42,108.600,0.6402
4.42,108.700,0.6402
4.42,108.800,0.6402
4.42,108.900,0.6402
4.42,109.000,0.6403
4.42,109.100,0.6403
4.42,109.200,0.6405
4.42,109.300,0.6402
4.42,109.400,0.6402
4.42,109.500,0.6403
4.42,109.600,0.6403
4.42,109.700,0.6402
4.42,109.800,0.6402
4.42,109.900,0.6402
4.42,110.000,0.6402
4.42,110.100,0.6402
4.42,110.200,0.6402
4.42,110.300,0.6402
4.42,110.400,0.6402
4.42,110.500,0.6402
4.42,110.600,0.6402
4.42,110.700,0.6402
4.42,110.800,0.6401
4.42,110.900,0.6401
4.42,111.000,0.6400
4.42,111.100,0.6400
4.42,111.200,0.6400
4.42,111.300,0.6400
4.42,111.400,0.6400
4.42,111.500,0.6400
4.42,111.600,0.6400
4.42,111.700,0.6402
4.42,111.800,0.6400
4.42,111.900,0.6402
4.42,112.000,0.6403
4.42,112.100,0.6400
4.42,112.200,0.6401
4.42,112.300,0.6400
4.42,112.400,0.6400
4.42,112.500,0.6400
4.42,112.600,0.6400
4.42,112.700,0.6400
4.42,112.800,0.6400
4.42,112.900,0.6402
4.42,113.000,0.6402
4.42,113.100,0.6402
4.42,113.200,0.6402
4.42,113.300,0.6402
4.42,113.400,0.6402
4.42,113.500,0.6402
4.42,113.600,0.6402
4.42,113.700,0.6402
4.42,113.800,0.6402
4.42,113.900,0.6403
4.42,114.000,0.6402
4.42,114.100,0.6403
4.42,114.200,0.6405
4.42,114.300,0.6407
4.42,114.400,0.6403
4.42,114.500,0.6404
4.42,114.600,0.6402
4.42,114.700,0.6402
4.42,114.800,0.6402
4.42,114.900,0.6402
4.42,115.000,0.6401
4.42,115.100,0.6401
4.42,115.200,0.6400
4.42,115.300,0.6400
4.42,115.400,0.6400
4.42,115.500,0.6401
4.42,115.600,0.6400
4.42,115.700,0.6400
4.42,115.800,0.6400
4.42,115.900,0.6400
4.42,116.000,0.6400
4.42,116.100,0.6400
4.42,116.200,0.6400
4.42,116.300,0.6401
4.42,116.400,0.6400
4.42,116.500,0.6400
4.42,116.600,0.6401
4.42,116.700,0.6400
4.42,116.800,0.6402
4.42,116.900,0.6402
4.42,117.000,0.6400
4.42,117.100,0.6401
4.42,117.200,0.6403
4.42,117.300,0.6402
4.42,117.400,0.6403
4.42,117.500,0.6403
4.42,117.600,0.6402
4.42,117.700,0.6402
4.42,117.800,0.6402
4.42,117.900,0.6402
4.42,118.000,0.6402
4.42,118.100,0.6402
4.42,118.200,0.6402
4.42,118.300,0.6402
4.42,118.400,0.6402
4.42,118.500,0.6403
4.42,118.600,0.6402
4.42,118.700,0.6402
4.42,118.800,0.6402
4.42,118.900,0.6402
4.42,119.000,0.6402
4.42,119.100,0.6402
4.42,119.200,0.6402
4.42,119.300,0.6403
4.42,119.400,0.6403
4.42,119.500,0.6401
4.42,119.600,0.6401
4.42,119.700,0.6400
4.42,119.800,0.6400
4.42,119.900,0.6400
4.42,120.000,0.6400
4.42,120.100,0.6401
4.42,120.200,0.6400
4.42,120.300,0.6400
4.42,120.400,0.6401
4.42,120.500,0.6400
4.42,120.600,0.6401
4.42,120.700,0.6401
4.42,120.800,0.6400
4.42,120.900,0.6400
4.42,121.000,0.6401
4.42,121.100,0.6400
4.42,121.200,0.6400
4.42,121.300,0.6400
4.42,121.400,0.6401
4.42,121.500,0.6402
4.42,121.600,0.6402
4.42,121.700,0.6402
4.42,121.800,0.6403
4.42,121.900,0.6402
4.42,122.000,0.6404
4.42,122.100,0.6405
4.42,122.200,0.6402
4.42,122.300,0.6402
4.42,122.400,0.6402
4.42,122.500,0.6402
4.42,122.600,0.6402
4.42,122.700,0.6402
4.42,122.800,0.6402
4.42,122.900,0.6402
4.42,123.000,0.6402
4.42,123.100,0.6403
4.42,123.200,0.6403
4.42,123.300,0.6402
4.42,123.400,0.6402
4.42,123.500,0.6402
4.42,123.600,0.6401
4.42,123.700,0.6400
4.42,123.800,0.6400
4.42,123.900,0.6400
